season,week,away_team,home_team,away_score,home_score,spread_line,model_spread,model_pick,expected_value,total_line,predicted_total,over_under,ats_result,total_result
2024,22,KC,PHI,22,40,KC -1.5,PHI -1.0,PHI +1.5,10.05%,48.5,66.31,Over,win,win
2024,21,BUF,KC,29,32,KC -1.5,KC -0.5,BUF +1.5,2.62%,49.5,45.13,Under,loss,loss
2024,20,HOU,KC,14,23,KC -9.5,KC -7.5,HOU +9.5,6.90%,41.5,41.97,Over,win,loss
2024,19,DEN,BUF,7,31,BUF -7.5,BUF -6.5,DEN +7.5,0.82%,48.5,50.14,Over,loss,loss
2024,19,MIN,LA,9,27,MIN -2.5,MIN -1.5,LA +2.5,0.29%,47.5,35.79,Under,win,win
2024,18,CIN,PIT,19,17,CIN -2.5,CIN -1.5,PIT +2.5,1.27%,48.5,35.38,Under,win,win
2024,18,MIA,NYJ,20,32,NYJ -1.5,NYJ -0.5,MIA +1.5,1.83%,39.5,42.15,Over,loss,win
2024,18,MIN,DET,9,31,DET -3.0,DET -4.5,DET -3.0,3.73%,56.5,51.87,Under,win,win
2024,17,CAR,TB,14,48,TB -9.5,TB -11.0,TB -9.5,2.89%,47.5,56.53,Over,win,win
2024,17,SEA,CHI,6,3,SEA -3.5,SEA -2.5,CHI +3.5,1.03%,43.5,31.8,Under,win,win
2024,17,TEN,JAX,13,20,TEN -1.0,TEN -0.0,JAX +1.0,0.87%,38.0,42.67,Over,win,loss
2024,16,HOU,KC,19,27,KC -3.5,KC -4.5,KC -3.5,0.56%,42.5,42.67,Over,win,win
2024,16,JAX,LV,14,19,LV -2.5,LV -1.5,JAX +2.5,0.38%,41.5,34.98,Under,loss,win
2024,15,ATL,LV,15,9,ATL -6.5,ATL -5.0,LV +6.5,4.93%,44.5,31.89,Under,win,win
2024,15,BAL,NYG,35,14,BAL -16.5,BAL -14.5,NYG +16.5,7.60%,43.5,42.67,Under,loss,loss
2024,15,BUF,DET,48,42,DET -2.5,DET -3.5,DET -2.5,1.02%,55.5,75.6,Over,loss,win
2024,15,DAL,CAR,30,14,CAR -2.5,CAR -0.0,DAL +2.5,9.83%,42.0,42.67,Over,win,win
2024,15,KC,CLE,21,7,KC -4.5,KC -5.5,KC -4.5,1.27%,41.5,34.45,Under,win,win
2024,15,NYJ,JAX,32,25,NYJ -3.5,NYJ -2.5,JAX +3.5,1.93%,41.5,42.67,Over,loss,win
2024,14,BUF,LA,42,44,BUF -3.5,BUF -4.5,BUF -3.5,0.26%,49.5,69.19,Over,loss,win
2024,14,CAR,PHI,16,22,PHI -14.0,PHI -15.0,PHI -14.0,2.24%,44.5,49.39,Over,loss,loss
2024,14,CIN,DAL,27,20,CIN -5.0,CIN -4.0,DAL +5.0,2.06%,51.0,59.78,Over,loss,loss
2024,14,CLE,PIT,14,27,PIT -6.0,PIT -7.0,PIT -6.0,0.10%,43.0,53.22,Over,win,loss
2024,14,GB,DET,31,34,DET -3.0,DET -4.5,DET -3.0,5.31%,53.0,59.66,Over,push,win
2024,14,JAX,TEN,10,6,TEN -3.0,TEN -2.0,JAX +3.0,0.31%,40.0,35.47,Under,win,win
2024,14,LV,TB,13,28,TB -7.0,TB -8.0,TB -7.0,2.29%,47.0,43.69,Under,win,win
2024,14,NYJ,MIA,26,32,MIA -6.5,MIA -5.5,NYJ +6.5,0.10%,45.0,51.06,Over,win,win
2024,14,SEA,ARI,30,18,ARI -3.0,ARI -2.0,SEA +3.0,0.88%,45.5,37.45,Under,win,loss
2024,13,CHI,DET,20,23,DET -9.5,DET -11.0,DET -9.5,3.82%,47.5,52.1,Over,loss,loss
2024,13,LA,NO,21,14,LA -2.5,LA -1.0,NO +2.5,3.60%,48.5,46.1,Under,loss,win
2024,13,MIA,GB,17,30,GB -3.5,GB -5.0,GB -3.5,2.91%,47.5,51.73,Over,win,loss
2024,13,TB,CAR,26,23,TB -6.5,TB -7.5,TB -6.5,2.62%,46.0,49.28,Over,loss,win
2024,12,DAL,WAS,34,26,WAS -10.5,WAS -8.0,DAL +10.5,9.44%,45.0,43.99,Under,win,loss
2024,12,KC,CAR,30,27,KC -11.0,KC -12.0,KC -11.0,2.23%,43.0,46.1,Over,loss,win
2024,12,MIN,CHI,30,27,MIN -3.0,MIN -2.0,CHI +3.0,1.03%,39.5,35.38,Under,push,loss
2024,12,SF,GB,10,38,GB -6.5,GB -4.5,SF +6.5,7.00%,44.5,41.97,Under,loss,loss
2024,11,CLE,NO,14,35,-CLE 1.00,NO -0.5,NO +1.0,3.38%,44.0,43.69,Under,win,loss
2024,11,GB,CHI,20,19,GB -6.0,GB -4.0,CHI +6.0,6.00%,41.0,28.2,Under,win,win
2024,11,HOU,DAL,34,10,HOU -7.5,HOU -5.0,DAL +7.5,8.97%,41.5,35.14,Under,loss,loss
2024,11,IND,NYJ,28,27,NYJ -4.0,NYJ -3.0,IND +4.0,0.78%,43.0,39.3,Under,win,loss
2024,11,WAS,PHI,18,26,PHI -4.5,PHI -5.5,PHI -4.5,0.42%,49.5,50.15,Over,win,loss
2024,10,DEN,KC,14,16,KC -7.5,KC -8.5,KC -7.5,1.24%,42.5,38.87,Under,loss,win
2024,10,MIN,JAX,12,7,MIN -7.0,MIN -5.5,JAX +7.0,5.21%,42.5,39.3,Under,win,win
2024,10,NYJ,ARI,6,31,NYJ -2.0,NYJ -1.0,ARI +2.0,1.67%,45.5,44.57,Under,win,win
2024,10,PHI,DAL,34,6,PHI -7.5,PHI -6.0,DAL +7.5,3.57%,44.5,50.51,Over,loss,loss
2024,10,SF,TB,23,20,SF -6.5,SF -4.5,TB +6.5,6.26%,50.5,49.44,Under,win,win
2024,9,CHI,ARI,9,29,ARI -1.5,ARI -0.0,CHI +1.5,3.53%,44.5,43.14,Under,loss,win
2024,9,HOU,NYJ,13,21,NYJ -2.5,NYJ -1.5,HOU +2.5,1.05%,43.5,38.79,Under,loss,win
2024,9,IND,MIN,13,21,MIN -6.5,MIN -5.5,IND +6.5,2.56%,47.0,41.72,Under,loss,win
2024,9,LA,SEA,26,20,LA -1.5,LA -0.5,SEA +1.5,1.42%,48.5,45.13,Under,loss,win
2024,9,MIA,BUF,27,30,BUF -6.5,BUF -8.0,BUF -6.5,5.39%,49.0,52.1,Over,loss,win
2024,9,TB,KC,24,30,KC -9.0,KC -8.0,TB +9.0,0.97%,45.5,56.53,Over,win,win
2024,8,ATL,TB,31,26,ATL -1.5,TB -0.0,TB +1.5,5.40%,47.0,71.9,Over,loss,win
2024,8,MIN,LA,20,30,MIN -3.0,MIN -2.0,LA +3.0,1.00%,47.5,49.44,Over,win,win
2024,8,NYG,PIT,18,26,PIT -6.0,PIT -7.5,PIT -6.0,3.06%,37.5,35.87,Under,win,loss
2024,8,NYJ,NE,22,25,NYJ -7.0,NYJ -5.5,NE +7.0,3.53%,41.0,40.37,Under,win,loss
2024,8,PHI,CIN,37,17,CIN -2.5,CIN -1.5,PHI +2.5,0.07%,47.5,45.13,Under,win,loss
2024,7,BAL,TB,41,31,BAL -4.5,BAL -3.5,TB +4.5,0.73%,51.0,75.6,Over,loss,win
2024,7,DET,MIN,31,29,MIN -1.0,DET -0.5,DET +1.0,3.91%,50.5,75.17,Over,win,win
2024,7,KC,SF,28,18,SF -2.5,SF -1.5,KC +2.5,0.71%,47.5,51.91,Over,win,loss
2024,7,NE,JAX,16,32,JAX -6.5,JAX -5.5,NE +6.5,1.68%,42.0,43.88,Over,loss,win
2024,7,NYJ,PIT,15,37,NYJ -3.0,NYJ -1.0,PIT +3.0,6.77%,40.0,47.03,Over,win,win
2024,7,PHI,NYG,28,3,PHI -3.0,PHI -4.0,PHI -3.0,0.83%,42.0,35.38,Under,win,win
2024,6,ATL,CAR,38,20,ATL -6.0,ATL -7.0,ATL -6.0,0.39%,45.5,51.06,Over,win,win
2024,6,DET,DAL,47,9,DET -3.5,DET -2.0,DAL +3.5,4.54%,52.5,50.14,Under,loss,loss
2024,6,HOU,NE,41,21,HOU -6.5,HOU -5.0,NE +6.5,4.65%,38.5,42.15,Over,loss,win
2024,6,IND,TEN,20,17,TEN -2.5,TEN -1.5,IND +2.5,0.72%,42.0,46.34,Over,win,loss
2024,6,JAX,CHI,16,35,JAX -1.5,CHI -0.5,CHI +1.5,7.59%,44.5,57.44,Over,win,win
2024,6,LAC,DEN,23,16,LAC -3.0,LAC -2.0,DEN +3.0,0.86%,37.0,35.14,Under,loss,loss
2024,5,ARI,SF,24,23,SF -7.0,SF -8.0,SF -7.0,2.18%,48.5,43.14,Under,loss,win
2024,5,BUF,HOU,20,23,HOU -1.0,BUF -0.0,BUF +1.0,2.24%,48.0,43.14,Under,loss,win
2024,5,CAR,CHI,10,36,CHI -4.0,CHI -6.0,CHI -4.0,7.79%,40.0,51.06,Over,win,win
2024,5,DAL,PIT,20,17,PIT -2.5,PIT -1.5,DAL +2.5,0.76%,43.5,42.67,Under,win,win
2024,5,IND,JAX,34,37,JAX -3.5,JAX -2.0,IND +3.5,3.98%,45.0,51.91,Over,win,win
2024,5,LV,DEN,18,34,DEN -3.0,DEN -4.0,DEN -3.0,0.10%,36.0,44.11,Over,win,win
2024,4,BUF,BAL,10,35,BAL -2.5,BAL -1.5,BUF +2.5,0.02%,46.5,57.14,Over,loss,loss
2024,4,CIN,CAR,34,24,CIN -4.5,CIN -5.5,CIN -4.5,2.60%,47.0,55.5,Over,win,win
2024,4,KC,LAC,17,10,KC -7.5,KC -6.0,LAC +7.5,3.59%,41.5,39.3,Under,win,win
2024,4,MIN,GB,31,29,GB -2.5,GB -3.5,GB -2.5,0.82%,44.0,52.0,Over,loss,win
2024,4,NO,ATL,24,26,ATL -2.5,ATL -1.5,NO +2.5,1.75%,41.5,51.06,Over,win,win
2024,4,PIT,IND,24,27,PIT -2.5,PIT -1.0,IND +2.5,3.85%,40.0,39.3,Under,win,loss
2024,4,TEN,MIA,31,12,MIA -2.5,MIA -3.5,MIA -2.5,0.35%,37.0,34.22,Under,loss,loss
2024,3,GB,TEN,30,14,TEN -3.0,TEN -1.0,GB +3.0,8.19%,37.0,43.8,Over,win,win
2024,3,JAX,BUF,10,47,BUF -4.0,BUF -5.5,BUF -4.0,2.98%,46.5,45.13,Under,win,loss
2024,3,LAC,PIT,10,20,PIT -3.0,PIT -2.0,LAC +3.0,0.95%,36.0,38.48,Over,loss,loss
2024,2,BUF,MIA,31,10,MIA -2.5,MIA -1.5,BUF +2.5,0.27%,48.5,40.9,Under,win,win
2024,2,CHI,HOU,13,19,HOU -6.0,HOU -5.0,CHI +6.0,0.35%,45.5,35.38,Under,push,win
2024,2,IND,GB,10,16,IND -3.0,IND -0.5,GB +3.0,10.32%,41.5,42.43,Over,win,loss
2024,2,LA,ARI,10,41,LA -1.0,LA -2.0,LA -1.0,0.13%,47.5,48.35,Over,loss,win
2024,2,LV,BAL,26,23,BAL -9.0,BAL -10.0,BAL -9.0,2.67%,41.0,40.09,Under,loss,loss
2024,2,NYJ,TEN,24,17,NYJ -3.5,NYJ -2.5,TEN +3.5,1.56%,41.5,42.67,Over,loss,loss
2024,2,PIT,DEN,13,6,PIT -3.0,PIT -2.0,DEN +3.0,0.37%,36.5,32.82,Under,loss,win
2024,2,TB,DET,20,16,DET -7.5,DET -6.0,TB +7.5,3.00%,51.5,51.9,Over,win,loss
2024,1,ARI,BUF,28,34,BUF -6.5,BUF -7.5,BUF -6.5,0.75%,46.0,53.15,Over,loss,win
2024,1,CAR,NO,10,47,NO -3.5,NO -4.5,NO -3.5,2.23%,41.5,37.25,Under,win,loss
2024,1,DAL,CLE,33,17,-CLE 2.50,-CLE 0.50,DAL +2.5,7.88%,42.0,48.26,Over,win,win
2024,1,HOU,IND,29,27,HOU -3.0,HOU -1.5,IND +3.0,4.11%,49.0,50.23,Over,win,win
2024,1,LV,LAC,10,22,LAC -3.0,LAC -4.0,LAC -3.0,0.99%,41.0,35.14,Under,win,win
2024,1,NYJ,SF,19,32,SF -3.5,SF -5.0,SF -3.5,4.31%,43.0,51.15,Over,win,win
2023,20,GB,SF,21,24,SF -10.5,SF -9.0,GB +10.5,3.37%,50.5,48.04,Under,win,win
2023,20,TB,DET,23,31,DET -6.0,DET -5.0,TB +6.0,2.23%,49.5,51.06,Over,loss,win
2023,19,PHI,TB,9,32,PHI -2.5,PHI -1.0,TB +2.5,3.40%,43.0,38.23,Under,win,win
2023,18,ATL,NO,17,48,NO -3.5,NO -4.5,NO -3.5,0.83%,41.5,55.14,Over,win,win
2023,18,BUF,MIA,21,14,BUF -2.5,BUF -1.0,MIA +2.5,2.78%,47.5,42.67,Under,loss,win
2023,18,DEN,LV,14,27,LV -3.5,LV -4.5,LV -3.5,1.06%,37.5,42.67,Over,win,win
2023,18,MIN,DET,20,30,DET -3.5,DET -4.5,DET -3.5,0.39%,47.5,44.11,Under,win,loss
2023,18,PHI,NYG,10,27,PHI -4.5,PHI -5.5,PHI -4.5,1.82%,43.0,50.12,Over,loss,loss
2023,17,LV,IND,20,23,IND -3.5,IND -1.5,LV +3.5,8.45%,42.5,52.01,Over,win,win
2023,17,NO,TB,23,13,TB -2.5,TB -1.5,NO +2.5,1.26%,42.5,51.91,Over,win,loss
2023,17,TEN,HOU,3,26,HOU -5.0,HOU -4.0,TEN +5.0,1.86%,44.0,35.4,Under,loss,win
2023,16,BAL,SF,33,19,SF -6.5,SF -5.0,BAL +6.5,4.13%,47.5,56.69,Over,win,win
2023,16,DET,MIN,30,24,DET -2.5,DET -1.5,MIN +2.5,0.57%,47.5,43.01,Under,loss,loss
2023,16,JAX,TB,12,30,JAX -2.0,JAX -1.0,TB +2.0,0.06%,43.0,47.03,Over,win,loss
2023,16,LV,KC,20,14,KC -11.0,KC -9.0,LV +11.0,6.01%,40.5,46.1,Over,win,loss
2023,16,NE,DEN,26,23,DEN -7.0,DEN -6.0,NE +7.0,1.01%,37.5,42.67,Over,win,win
2023,16,NO,LA,22,30,LA -4.0,LA -2.5,NO +4.0,2.77%,45.5,53.22,Over,loss,win
2023,16,NYG,PHI,25,33,PHI -14.0,PHI -13.0,NYG +14.0,1.33%,41.0,40.37,Under,win,loss
2023,15,KC,NE,27,17,KC -10.0,KC -9.0,NE +10.0,0.76%,39.5,35.4,Under,push,loss
2023,15,NYG,NO,6,24,NO -6.0,NO -7.0,NO -6.0,0.94%,39.5,40.65,Over,win,loss
2023,15,PHI,SEA,17,20,PHI -5.0,PHI -3.5,SEA +5.0,3.26%,46.0,42.67,Under,win,win
2023,15,WAS,LA,20,28,LA -6.5,LA -7.5,LA -6.5,0.68%,48.5,47.87,Under,win,win
2023,14,DEN,LAC,24,7,LAC -3.0,LAC -4.0,LAC -3.0,0.17%,45.0,33.81,Under,loss,win
2023,14,GB,NYG,22,24,GB -6.0,GB -5.0,NYG +6.0,1.70%,37.5,49.13,Over,win,win
2023,14,HOU,NYJ,6,30,HOU -3.5,HOU -2.5,NYJ +3.5,0.21%,33.5,35.4,Over,win,win
2023,14,IND,CIN,14,34,CIN -3.0,CIN -4.5,CIN -3.0,3.93%,45.0,49.28,Over,win,win
2023,14,JAX,CLE,27,31,-CLE 2.50,-CLE 1.50,JAX +2.5,0.01%,37.5,47.65,Over,loss,win
2023,14,SEA,SF,16,28,SF -14.5,SF -13.0,SEA +14.5,2.99%,44.5,52.1,Over,win,loss
2023,14,TEN,MIA,28,27,MIA -14.0,MIA -12.5,TEN +14.0,4.29%,45.0,56.69,Over,win,win
2023,13,ARI,PIT,24,10,PIT -6.0,PIT -7.5,PIT -6.0,4.95%,41.0,28.42,Under,loss,win
2023,13,CIN,JAX,34,31,JAX -10.0,JAX -7.0,CIN +10.0,12.72%,41.0,50.14,Over,win,win
2023,13,CLE,LA,19,36,LA -3.5,LA -2.0,CLE 3.50,3.56%,39.5,48.22,Over,loss,win
2023,13,DET,NO,33,28,DET -4.0,DET -2.0,NO +4.0,5.94%,47.5,51.82,Over,loss,win
2023,13,IND,TEN,31,28,IND -1.5,IND -0.0,TEN +1.5,3.36%,42.0,41.44,Under,loss,loss
2023,12,CHI,MIN,12,10,MIN -3.0,MIN -4.5,MIN -3.0,4.53%,43.5,38.48,Under,loss,win
2023,12,GB,DET,29,22,DET -8.5,DET -7.5,GB +8.5,1.78%,47.0,56.53,Over,win,win
2023,12,KC,LV,31,17,KC -9.0,KC -8.0,LV +9.0,0.49%,42.5,39.3,Under,loss,loss
2023,12,MIA,NYJ,34,13,MIA -9.5,MIA -7.5,NYJ +9.5,7.81%,40.0,35.47,Under,loss,loss
2023,12,NE,NYG,7,10,NE -4.5,NE -3.5,NYG +4.5,2.63%,36.5,34.98,Under,win,win
2023,12,PIT,CIN,16,10,PIT -2.0,CIN -1.0,CIN +2.0,12.32%,36.0,35.14,Under,loss,win
2023,11,ARI,HOU,16,21,HOU -5.5,HOU -6.5,HOU -5.5,2.71%,48.0,43.69,Under,loss,win
2023,11,DAL,CAR,33,10,DAL -11.0,DAL -10.0,CAR +11.0,1.37%,43.0,43.69,Over,loss,push
2023,11,LAC,GB,20,23,LAC -3.0,LAC -2.0,GB +3.0,0.11%,44.0,48.91,Over,win,loss
2023,11,LV,MIA,13,20,MIA -14.0,MIA -12.0,LV +14.0,7.29%,44.5,44.11,Under,win,win
2023,11,MIN,DEN,20,21,DEN -2.5,DEN -1.0,MIN +2.5,5.56%,43.5,48.82,Over,win,loss
2023,11,NYG,WAS,31,19,WAS -7.5,WAS -6.5,NYG +7.5,1.23%,39.0,40.9,Over,win,win
2023,11,SEA,LA,16,17,LA -2.5,LA -1.5,SEA +2.5,1.43%,45.0,36.3,Under,win,win
2023,11,TB,SF,14,27,SF -13.5,SF -12.5,TB +13.5,1.05%,41.5,51.82,Over,win,loss
2023,11,TEN,JAX,14,34,JAX -6.5,JAX -5.5,TEN +6.5,0.24%,40.0,34.62,Under,loss,loss
2023,10,DEN,BUF,24,22,BUF -7.5,BUF -8.5,BUF -7.5,1.00%,47.5,43.14,Under,loss,win
2023,10,DET,LAC,41,38,DET -2.5,DET -1.0,LAC +2.5,5.37%,48.5,56.86,Over,loss,win
2023,10,NO,MIN,19,27,NO -3.0,NO -1.5,MIN +3.0,4.94%,41.0,52.1,Over,win,win
2023,10,NYG,DAL,17,49,DAL -17.5,DAL -16.0,NYG +17.5,5.07%,38.5,43.69,Over,loss,win
2023,10,NYJ,LV,12,16,NYJ -1.0,NYJ -0.0,LV +1.0,0.21%,35.5,29.44,Under,win,win
2023,10,TEN,TB,6,20,TB -2.5,TB -1.5,TEN +2.5,1.90%,39.5,43.69,Over,loss,loss
2023,9,DAL,PHI,23,28,PHI -3.5,PHI -2.5,DAL +3.5,0.30%,46.5,60.94,Over,loss,win
2023,9,IND,CAR,27,13,IND -1.5,IND -0.5,CAR +1.5,2.70%,45.0,46.1,Over,loss,loss
2023,9,LAC,NYJ,27,6,LAC -3.0,LAC -2.0,NYJ +3.0,1.68%,41.0,38.79,Under,loss,win
2023,9,MIA,KC,14,21,KC -1.0,KC -2.0,KC -1.0,1.09%,51.0,44.11,Under,win,win
2023,9,NYG,LV,6,30,LV -1.0,LV -2.0,LV -1.0,1.56%,38.5,33.81,Under,win,win
2023,8,ATL,TEN,23,28,ATL -2.5,ATL -0.5,TEN +2.5,6.20%,35.0,39.3,Over,win,win
2023,8,CIN,SF,31,17,SF -4.0,SF -5.0,SF -4.0,1.07%,44.0,42.67,Under,loss,loss
2023,8,HOU,CAR,13,15,HOU -3.0,HOU -2.0,CAR +3.0,0.01%,43.0,37.45,Under,win,win
2023,8,JAX,PIT,20,10,JAX -2.5,JAX -1.5,PIT +2.5,1.40%,41.0,43.1,Over,loss,loss
2023,8,KC,DEN,9,24,KC -7.0,KC -8.0,KC -7.0,1.25%,45.5,38.48,Under,loss,win
2023,7,ATL,TB,16,13,TB -3.0,TB -2.0,ATL +3.0,0.93%,37.5,35.4,Under,win,win
2023,7,GB,DEN,17,19,DEN -1.5,DEN -0.5,GB +1.5,0.08%,44.0,38.48,Under,loss,win
2023,6,CAR,MIA,21,42,MIA -14.0,MIA -12.0,CAR +14.0,6.19%,47.5,50.14,Over,loss,win
2023,6,PHI,NYJ,14,20,PHI -6.5,PHI -5.5,NYJ +6.5,1.79%,43.0,46.43,Over,win,loss
2023,6,SF,CLE,17,19,SF -9.5,SF -8.0,CLE 9.50,5.48%,36.0,48.26,Over,win,push
2023,6,WAS,ATL,24,16,ATL -1.5,ATL -3.0,ATL -1.5,3.75%,42.0,39.82,Under,loss,win
2023,5,CAR,DET,24,42,DET -9.5,DET -8.5,CAR +9.5,1.71%,43.5,53.15,Over,loss,win
2023,5,CHI,WAS,40,20,WAS -6.0,WAS -5.0,CHI +6.0,2.17%,45.5,43.88,Under,win,loss
2023,5,JAX,BUF,25,20,BUF -5.5,BUF -6.5,BUF -5.5,0.70%,48.5,56.94,Over,loss,loss
2023,5,NO,NE,34,0,NE -2.5,NE -1.5,NO +2.5,1.57%,38.5,34.29,Under,win,win
2023,5,NYJ,DEN,31,21,DEN -2.5,DEN -1.5,NYJ +2.5,1.53%,42.5,44.11,Over,win,win
2023,5,TEN,IND,16,23,TEN -2.5,TEN -1.0,IND +2.5,3.51%,43.5,39.32,Under,win,win
2023,4,ARI,SF,16,35,SF -15.0,SF -14.0,ARI +15.0,1.51%,44.0,55.1,Over,loss,win
2023,4,ATL,JAX,7,23,JAX -3.5,JAX -2.5,ATL +3.5,1.68%,42.5,32.82,Under,loss,win
2023,4,DEN,CHI,31,28,DEN -3.0,DEN -1.0,CHI +3.0,5.85%,47.0,47.27,Over,push,win
2023,4,DET,GB,34,20,DET -2.5,DET -1.0,GB +2.5,3.34%,45.0,50.14,Over,loss,win
2023,4,KC,NYJ,23,20,KC -9.5,KC -8.5,NYJ +9.5,2.42%,41.5,41.17,Under,win,loss
2023,4,MIN,CAR,21,13,MIN -4.5,MIN -2.5,CAR +4.5,6.09%,46.5,44.11,Under,loss,win
2023,4,PIT,HOU,6,30,PIT -3.0,PIT -2.0,HOU +3.0,0.51%,41.5,49.11,Over,win,loss
2023,4,SEA,NYG,24,3,SEA -2.5,SEA -3.5,SEA -2.5,0.87%,46.5,45.13,Under,win,win
2023,4,WAS,PHI,31,34,PHI -9.5,PHI -10.5,PHI -9.5,0.00%,43.0,56.61,Over,loss,win
2023,3,NE,NYJ,15,10,NE -2.5,NE -1.0,NYJ +2.5,3.29%,35.5,36.26,Over,loss,loss
2023,3,PIT,LV,23,18,LV -3.0,LV -1.0,PIT +3.0,6.24%,43.5,35.4,Under,win,win
2023,2,BAL,CIN,27,24,CIN -3.5,CIN -2.5,BAL +3.5,2.16%,45.5,38.48,Under,win,loss
2023,2,CLE,PIT,22,26,-CLE 2.50,-CLE 1.00,PIT +2.5,3.03%,39.0,42.67,Over,win,win
2023,2,IND,HOU,31,20,IND -1.0,IND -0.0,HOU +1.0,1.15%,40.0,48.61,Over,loss,win
2023,2,MIA,NE,24,17,MIA -2.0,MIA -1.0,NE +2.0,2.67%,46.5,51.06,Over,loss,loss
2023,2,NYG,ARI,31,28,NYG -5.0,NYG -3.0,ARI +5.0,6.57%,40.0,33.26,Under,win,loss
2023,2,NYJ,DAL,10,30,DAL -8.5,DAL -7.5,NYJ +8.5,0.49%,38.5,41.17,Over,loss,win
2023,2,SEA,DET,37,31,DET -4.5,DET -3.5,SEA +4.5,0.68%,47.5,51.15,Over,win,win
2023,2,SF,LA,30,23,SF -7.5,SF -5.5,LA +7.5,6.12%,45.0,45.13,Over,win,win
2023,1,ARI,WAS,16,20,WAS -7.0,WAS -6.0,ARI +7.0,1.79%,38.0,39.32,Over,win,loss
2023,1,CIN,CLE,3,24,CIN -1.0,CIN -2.0,CIN -1.0,0.39%,46.5,37.45,Under,loss,win
2023,1,DET,KC,21,20,KC -4.0,KC -5.0,KC -4.0,0.86%,53.0,50.98,Under,loss,win
2023,1,JAX,IND,31,21,JAX -4.0,JAX -3.0,IND +4.0,1.10%,45.5,48.72,Over,loss,win
2023,1,TEN,NO,15,16,NO -3.0,NO -4.0,NO -3.0,0.75%,41.0,35.89,Under,loss,win
2022,21,SF,PHI,7,31,PHI -2.5,PHI -1.0,SF +2.5,2.93%,45.0,52.1,Over,loss,loss
2022,20,JAX,KC,20,27,KC -10.0,KC -8.5,JAX +10.0,2.78%,52.5,51.82,Under,win,win
2022,19,BAL,CIN,17,24,CIN -7.5,CIN -6.5,BAL +7.5,1.45%,40.0,40.65,Over,win,win
2022,19,LAC,JAX,30,31,LAC -2.0,LAC -0.5,JAX +2.0,2.99%,46.5,59.35,Over,win,win
2022,18,LAC,DEN,28,31,DEN -6.0,DEN -2.5,LAC +6.0,15.20%,38.5,51.82,Over,win,win
2022,18,LA,SEA,16,19,SEA -5.5,SEA -3.5,LA +5.5,7.70%,41.5,42.67,Over,win,loss
2022,17,LA,LAC,10,31,LAC -6.5,LAC -4.5,LA +6.5,7.34%,41.5,48.33,Over,loss,loss
2022,17,NYJ,SEA,6,23,NYJ -1.0,SEA -0.0,SEA +1.0,2.09%,43.0,29.46,Under,win,win
2022,16,CIN,NE,22,18,CIN -3.0,CIN -2.0,NE +3.0,1.96%,42.0,48.31,Over,loss,loss
2022,16,DEN,LA,14,51,DEN -3.0,DEN -1.5,LA +3.0,3.57%,36.5,51.82,Over,win,win
2022,16,DET,CAR,23,37,DET -2.5,DET -1.5,CAR +2.5,0.11%,43.5,50.43,Over,win,win
2022,16,HOU,TEN,19,14,TEN -3.0,TEN -4.5,TEN -3.0,5.04%,34.0,39.3,Over,loss,loss
2022,16,WAS,SF,20,37,SF -6.5,SF -8.0,SF -6.5,5.09%,37.5,49.2,Over,win,win
2022,15,BAL,CLE,3,13,-CLE 2.50,-CLE 0.50,BAL +2.5,6.80%,39.5,30.29,Under,loss,win
2022,15,CIN,TB,34,23,CIN -3.5,CIN -2.5,TB +3.5,0.47%,47.0,42.67,Under,loss,loss
2022,15,DAL,JAX,34,40,DAL -4.0,DAL -5.0,DAL -4.0,1.71%,48.5,68.59,Over,loss,win
2022,15,IND,MIN,36,39,MIN -3.5,MIN -4.5,MIN -3.5,0.06%,46.5,56.61,Over,loss,win
2022,15,KC,HOU,30,24,KC -14.5,KC -13.5,HOU +14.5,1.70%,48.5,55.5,Over,win,win
2022,15,LA,GB,12,24,GB -8.0,GB -6.5,LA +8.0,3.51%,39.5,44.76,Over,loss,loss
2022,15,MIA,BUF,29,32,BUF -7.0,BUF -8.0,BUF -7.0,1.85%,44.0,46.1,Over,loss,win
2022,15,NE,LV,24,30,LV -1.0,LV -0.0,NE +1.0,0.20%,45.0,44.11,Under,loss,loss
2022,15,SF,SEA,21,13,SF -3.0,SF -5.0,SF -3.0,5.72%,43.0,50.23,Over,win,loss
2022,14,BAL,PIT,16,14,PIT -1.5,BAL -0.0,BAL +1.5,4.79%,37.0,35.38,Under,win,win
2022,14,KC,DEN,34,28,KC -8.5,KC -7.5,DEN +8.5,0.03%,44.5,42.67,Under,win,loss
2022,14,LV,LA,16,17,LV -6.5,LV -3.5,LA +6.5,11.45%,42.5,43.25,Over,win,loss
2022,14,MIA,LAC,17,23,MIA -3.0,MIA -1.5,LAC +3.0,4.40%,54.5,42.67,Under,win,win
2022,14,MIN,DET,23,34,DET -2.5,DET -1.0,MIN +2.5,3.67%,51.5,59.66,Over,loss,win
2022,14,PHI,NYG,48,22,PHI -7.5,PHI -6.5,NYG +7.5,0.46%,44.5,59.78,Over,loss,win
2022,13,CLE,HOU,27,14,-CLE 7.50,-CLE 6.50,HOU +7.5,1.58%,47.0,39.3,Under,loss,win
2022,13,DEN,BAL,9,10,BAL -9.5,BAL -8.5,DEN +9.5,2.26%,40.5,31.69,Under,win,win
2022,13,WAS,NYG,20,20,WAS -2.5,WAS -1.5,NYG +2.5,0.72%,40.0,38.35,Under,win,push
2022,12,CHI,NYJ,10,31,NYJ -8.5,NYJ -7.0,CHI +8.5,3.57%,36.5,41.19,Over,loss,win
2022,12,HOU,MIA,15,30,MIA -14.0,MIA -12.5,HOU +14.0,3.62%,47.0,46.37,Under,loss,win
2022,12,NE,MIN,26,33,MIN -2.5,MIN -1.0,NE +2.5,2.81%,42.5,42.67,Over,loss,win
2022,12,NO,SF,0,13,SF -9.5,SF -8.5,NO +9.5,1.82%,44.0,35.38,Under,loss,win
2022,11,CAR,BAL,3,13,BAL -13.0,BAL -11.5,CAR +13.0,4.24%,42.0,41.17,Under,win,win
2022,11,CHI,ATL,24,27,ATL -3.0,ATL -2.0,CHI +3.0,0.33%,48.5,48.91,Over,push,win
2022,11,LA,NO,20,27,NO -2.5,NO -1.5,LA +2.5,2.08%,39.5,37.8,Under,loss,loss
2022,11,NYJ,NE,3,10,NE -3.5,NE -4.5,NE -3.5,2.75%,38.5,35.74,Under,win,win
2022,11,SF,ARI,38,10,SF -10.0,SF -8.0,ARI +10.0,8.00%,43.5,51.06,Over,loss,win
2022,10,ATL,CAR,15,25,ATL -2.5,ATL -1.5,CAR +2.5,2.29%,41.5,47.14,Over,win,loss
2022,10,DAL,GB,28,31,DAL -3.5,DAL -2.5,GB +3.5,0.23%,44.5,51.91,Over,win,win
2022,10,LAC,SF,16,22,SF -8.5,SF -7.0,LAC +8.5,4.59%,45.5,47.03,Over,win,loss
2022,10,MIN,BUF,33,30,BUF -6.5,BUF -7.5,BUF -6.5,1.27%,47.0,51.93,Over,loss,win
2022,10,SEA,TB,16,21,TB -2.5,TB -3.5,TB -2.5,0.09%,45.0,44.38,Under,win,win
2022,9,BUF,NYJ,17,20,BUF -11.0,BUF -10.0,NYJ +11.0,1.36%,46.0,42.67,Under,win,win
2022,9,LV,JAX,20,27,LV -2.5,LV -1.5,JAX +2.5,2.08%,47.5,40.41,Under,win,win
2022,9,MIA,CHI,35,32,MIA -4.0,MIA -2.5,CHI +4.0,4.26%,46.0,59.53,Over,win,win
2022,9,PHI,HOU,29,17,PHI -14.0,PHI -12.0,HOU +14.0,7.35%,45.5,42.67,Under,win,loss
2022,9,TEN,KC,17,20,KC -14.0,KC -11.5,TEN +14.0,8.99%,45.0,44.65,Under,win,win
2022,8,CAR,ATL,34,37,ATL -4.5,ATL -3.0,CAR +4.5,3.36%,41.0,51.91,Over,win,win
2022,8,CHI,DAL,29,49,DAL -10.5,DAL -9.5,CHI +10.5,2.18%,43.0,55.49,Over,loss,win
2022,8,DEN,JAX,21,17,JAX -1.0,JAX -0.0,DEN +1.0,0.11%,41.0,39.82,Under,win,win
2022,8,NYG,SEA,13,27,SEA -3.0,SEA -2.0,NYG +3.0,0.32%,44.5,49.3,Over,loss,loss
2022,8,PIT,PHI,13,35,PHI -11.0,PHI -10.0,PIT +11.0,0.02%,43.0,43.69,Over,loss,win
2022,8,SF,LA,31,14,SF -1.0,SF -0.0,LA +1.0,0.62%,42.0,40.65,Under,loss,loss
2022,8,TEN,HOU,17,10,TEN -1.0,TEN -2.5,TEN -1.0,3.62%,39.0,35.4,Under,win,win
2022,7,DET,DAL,6,24,DAL -7.0,DAL -8.0,DAL -7.0,1.21%,49.5,40.65,Under,win,win
2022,7,PIT,MIA,10,16,MIA -7.5,MIA -6.0,PIT +7.5,2.77%,44.5,30.29,Under,win,win
2022,7,TB,CAR,3,21,TB -13.0,TB -11.0,CAR +13.0,6.78%,39.5,27.95,Under,win,win
2022,6,CAR,LA,10,24,LA -10.0,LA -9.0,CAR +10.0,2.43%,41.5,35.4,Under,loss,win
2022,6,DAL,PHI,17,26,PHI -6.5,PHI -4.5,DAL +6.5,6.47%,42.5,45.13,Over,loss,win
2022,6,DEN,LAC,16,19,LAC -3.5,LAC -2.5,DEN +3.5,0.80%,45.5,41.97,Under,win,win
2022,6,JAX,IND,27,34,IND -1.0,IND -2.0,IND -1.0,0.48%,41.0,40.65,Under,win,loss
2022,6,MIN,MIA,24,16,MIN -3.0,MIN -2.0,MIA +3.0,2.51%,45.0,42.15,Under,loss,win
2022,6,NE,CLE,38,15,-CLE 2.50,-CLE 1.00,NE +2.5,4.17%,43.0,51.91,Over,win,win
2022,6,NYJ,GB,27,10,GB -7.5,GB -8.5,GB -7.5,0.75%,44.5,47.14,Over,loss,loss
2022,6,SF,ATL,14,28,SF -3.5,SF -5.0,SF -3.5,4.05%,46.0,51.06,Over,loss,loss
2022,6,TB,PIT,18,20,TB -10.0,TB -8.5,PIT +10.0,5.28%,47.0,35.38,Under,win,win
2022,6,WAS,CHI,12,7,WAS -1.0,CHI -0.0,CHI +1.0,1.49%,38.5,28.42,Under,loss,win
2022,5,CHI,MIN,22,29,MIN -10.0,MIN -9.0,CHI +10.0,2.63%,44.0,51.25,Over,win,win
2022,5,DAL,LA,22,10,LA -5.5,LA -3.5,DAL +5.5,6.21%,42.0,35.14,Under,win,win
2022,5,DET,NE,0,29,NE -3.0,NE -4.5,NE -3.0,4.01%,46.5,51.91,Over,win,loss
2022,5,PHI,ARI,20,17,PHI -5.5,PHI -4.0,ARI +5.5,3.12%,48.5,40.41,Under,win,win
2022,5,PIT,BUF,3,38,BUF -14.0,BUF -13.0,PIT +14.0,1.84%,44.0,41.72,Under,loss,win
2022,4,CLE,ATL,20,23,-CLE 1.00,-CLE 2.00,-CLE 1.00,0.13%,48.0,51.91,Over,loss,loss
2022,4,DEN,LV,23,32,LV -2.5,LV -1.0,DEN +2.5,4.81%,45.5,41.97,Under,loss,loss
2022,4,MIN,NO,28,25,MIN -4.0,MIN -3.0,NO +4.0,1.42%,42.0,41.17,Under,win,loss
2022,4,NE,GB,24,27,GB -10.0,GB -9.0,NE +10.0,2.67%,40.5,47.27,Over,win,win
2022,4,NYJ,PIT,24,20,PIT -3.0,PIT -4.0,PIT -3.0,2.48%,41.0,41.72,Over,loss,win
2022,4,WAS,DAL,10,25,DAL -3.0,DAL -4.5,DAL -3.0,5.48%,40.5,38.79,Under,win,win
2022,3,BAL,NE,37,26,BAL -2.5,BAL -1.0,NE +2.5,3.78%,45.5,50.85,Over,loss,win
2022,3,DAL,NYG,23,16,NYG -1.0,DAL -1.0,DAL +1.0,6.72%,38.5,37.2,Under,win,loss
2022,3,GB,TB,14,12,TB -1.0,TB -2.0,TB -1.0,2.13%,41.5,38.23,Under,loss,win
2022,3,HOU,CHI,20,23,CHI -3.0,CHI -4.0,CHI -3.0,0.77%,40.0,37.91,Under,push,loss
2022,3,LV,TEN,22,24,LV -1.5,LV -0.0,TEN +1.5,3.98%,45.5,39.71,Under,win,loss
2022,3,PIT,CLE,17,29,-CLE 4.50,-CLE 3.50,PIT +4.5,1.10%,38.0,48.35,Over,loss,win
2022,3,SF,DEN,10,11,SF -1.0,SF -0.0,DEN +1.0,0.82%,44.0,33.67,Under,win,win
2022,2,ARI,LV,29,23,LV -5.5,LV -4.0,ARI +5.5,5.04%,51.5,38.79,Under,win,loss
2022,2,CAR,NYG,16,19,CAR -1.0,CAR -0.0,NYG +1.0,0.48%,44.0,39.06,Under,win,win
2022,2,CIN,DAL,17,20,CIN -7.5,CIN -4.0,DAL +7.5,16.72%,42.0,34.22,Under,win,win
2022,2,NE,PIT,17,14,NE -3.0,NE -2.0,PIT +3.0,0.84%,40.0,38.23,Under,push,win
2022,2,NYJ,CLE,31,30,-CLE 6.50,-CLE 7.50,-CLE 6.50,0.22%,38.5,42.43,Over,loss,win
2022,2,SEA,SF,7,27,SF -8.5,SF -7.5,SEA +8.5,0.38%,40.0,39.3,Under,loss,win
2022,2,TB,NO,20,10,TB -2.5,TB -3.5,TB -2.5,0.54%,44.0,43.25,Under,win,win
2022,2,TEN,BUF,7,41,BUF -10.0,BUF -9.0,TEN +10.0,1.62%,47.5,48.35,Over,loss,win
2022,1,CLE,CAR,26,24,CAR -2.5,CAR -1.0,CLE 2.50,3.27%,42.5,39.82,Under,win,loss
2022,1,GB,MIN,7,23,MIN -2.5,MIN -1.5,GB +2.5,2.33%,47.0,40.65,Under,loss,win
2022,1,KC,ARI,44,21,KC -6.0,KC -4.5,ARI +6.0,3.63%,54.0,54.93,Over,loss,win
2022,1,NE,MIA,7,20,MIA -3.0,MIA -1.5,NE +3.0,3.73%,47.0,39.06,Under,loss,win
2022,1,PIT,CIN,23,20,CIN -7.5,CIN -6.5,PIT +7.5,0.93%,44.5,43.69,Under,win,win
2022,1,SF,CHI,10,19,SF -6.5,SF -5.5,CHI +6.5,0.31%,38.0,38.94,Over,win,loss
2022,1,TB,DAL,19,3,TB -2.5,TB -1.5,DAL +2.5,1.51%,49.5,49.3,Under,loss,win
2021,22,LA,CIN,23,20,LA -4.5,LA -3.5,CIN +4.5,0.64%,48.5,47.87,Under,win,win
2021,20,SF,GB,13,10,GB -5.5,GB -4.5,SF +5.5,2.10%,47.0,44.66,Under,win,win
2021,19,NE,BUF,17,47,BUF -4.5,BUF -3.5,NE +4.5,0.09%,43.0,62.02,Over,loss,win
2021,19,PIT,KC,21,42,KC -13.0,KC -12.0,PIT +13.0,0.34%,46.0,53.55,Over,loss,win
2021,19,SF,DAL,23,17,DAL -3.0,DAL -4.0,DAL -3.0,0.67%,51.0,51.89,Over,loss,loss
2021,18,GB,DET,30,37,GB -4.0,GB -6.0,GB -4.0,8.37%,45.0,56.69,Over,loss,win
2021,18,SEA,ARI,38,30,ARI -5.5,ARI -4.0,SEA +5.5,3.39%,48.0,59.22,Over,win,win
2021,17,HOU,SF,7,23,SF -14.0,SF -13.0,HOU +14.0,0.24%,44.0,47.05,Over,loss,loss
2021,17,JAX,NE,10,50,NE -17.5,NE -18.5,NE -17.5,0.37%,42.0,44.66,Over,win,win
2021,17,LV,IND,23,20,IND -8.5,IND -9.5,IND -8.5,0.94%,46.5,44.11,Under,loss,win
2021,16,BUF,NE,33,21,NE -1.0,NE -2.0,NE -1.0,1.88%,43.5,45.13,Over,loss,win
2021,16,DET,ATL,16,20,ATL -7.5,ATL -5.5,DET +7.5,6.94%,42.5,42.67,Over,win,loss
2021,16,IND,ARI,22,16,ARI -3.0,ARI -1.0,IND +3.0,7.35%,48.0,41.97,Under,win,win
2021,16,LAC,HOU,29,41,LAC -13.5,LAC -12.0,HOU +13.5,4.59%,46.0,65.68,Over,win,win
2021,16,LA,MIN,30,23,LA -3.5,LA -2.5,MIN +3.5,0.70%,48.5,55.11,Over,loss,win
2021,16,SF,TEN,17,20,SF -3.5,SF -2.0,TEN +3.5,4.09%,45.5,42.67,Under,win,win
2021,16,TB,CAR,32,6,TB -11.5,TB -10.0,CAR +11.5,3.85%,44.5,35.14,Under,loss,win
2021,15,ARI,DET,12,30,ARI -13.0,ARI -12.0,DET +13.0,1.63%,48.0,46.1,Under,win,win
2021,15,CAR,BUF,14,31,BUF -14.0,BUF -13.0,CAR +14.0,1.07%,43.0,35.79,Under,loss,loss
2021,15,DAL,NYG,21,6,DAL -11.5,DAL -10.0,NYG +11.5,2.79%,43.0,35.4,Under,loss,win
2021,15,GB,BAL,31,30,GB -9.5,GB -5.5,BAL +9.5,17.16%,45.5,56.59,Over,win,win
2021,15,HOU,JAX,30,16,JAX -6.0,JAX -5.0,HOU +6.0,1.86%,40.0,34.29,Under,win,loss
2021,15,LV,CLE,16,14,LV -3.0,LV -0.5,CLE 3.00,10.62%,41.0,34.69,Under,win,win
2021,15,MIN,CHI,17,9,MIN -7.0,MIN -5.5,CHI +7.0,5.01%,48.0,45.0,Under,loss,win
2021,15,NO,TB,9,0,TB -11.5,TB -9.5,NO +11.5,6.82%,45.5,40.93,Under,win,win
2021,15,SEA,LA,10,20,LA -7.5,LA -6.0,SEA +7.5,4.05%,47.0,52.1,Over,loss,loss
2021,15,TEN,PIT,13,19,PIT -1.0,TEN -0.0,TEN +1.0,2.13%,44.0,38.48,Under,loss,win
2021,14,ATL,CAR,29,21,CAR -2.5,CAR -3.5,CAR -2.5,1.15%,41.0,41.72,Over,loss,win
2021,14,BAL,CLE,22,24,-CLE 3.00,-CLE 1.50,BAL +3.0,4.01%,44.0,36.26,Under,win,loss
2021,14,DET,DEN,10,38,DEN -13.0,DEN -11.5,DET +13.0,5.15%,42.0,42.67,Over,loss,win
2021,14,JAX,TEN,0,20,TEN -8.5,TEN -9.5,TEN -8.5,1.12%,44.5,29.83,Under,win,win
2021,14,NYG,LAC,21,37,LAC -9.5,LAC -8.5,NYG +9.5,0.86%,44.0,45.04,Over,loss,win
2021,13,DAL,NO,27,17,DAL -6.0,DAL -4.0,NO +6.0,7.63%,46.0,41.97,Under,loss,win
2021,13,JAX,LA,7,37,LA -14.0,LA -13.0,JAX +14.0,2.05%,48.0,38.48,Under,loss,win
2021,13,NE,BUF,14,10,BUF -3.0,BUF -2.0,NE +3.0,1.98%,40.0,39.47,Under,win,win
2021,13,NYG,MIA,9,20,MIA -6.5,MIA -5.5,NYG +6.5,0.00%,40.0,35.14,Under,loss,win
2021,13,SF,SEA,23,30,SF -3.0,SF -2.0,SEA +3.0,2.10%,44.5,50.94,Over,win,win
2021,12,ATL,JAX,21,14,ATL -1.5,ATL -0.5,JAX +1.5,1.65%,46.0,29.46,Under,loss,win
2021,12,BUF,NO,31,6,BUF -7.0,BUF -5.0,NO +7.0,6.08%,45.0,50.12,Over,loss,loss
2021,12,LA,GB,28,36,LA -2.0,GB -0.0,GB +2.0,7.55%,47.0,48.35,Over,win,win
2021,12,TB,IND,38,31,TB -3.0,TB -2.0,IND +3.0,2.13%,53.0,66.13,Over,loss,win
2021,11,DET,CLE,10,13,-CLE 13.00,-CLE 12.00,DET +13.0,2.49%,42.5,28.42,Under,win,win
2021,11,HOU,TEN,22,13,TEN -10.5,TEN -12.0,TEN -10.5,4.69%,44.5,39.3,Under,loss,win
2021,11,NE,ATL,25,0,NE -7.0,NE -8.5,NE -7.0,2.89%,47.5,41.17,Under,win,win
2021,11,NO,PHI,29,40,PHI -2.5,PHI -1.5,NO +2.5,1.51%,42.5,51.26,Over,loss,win
2021,11,PIT,LAC,37,41,LAC -5.5,LAC -4.5,PIT +5.5,0.62%,47.5,56.22,Over,win,win
2021,10,BAL,MIA,10,22,BAL -8.5,BAL -7.5,MIA +8.5,0.59%,46.5,34.45,Under,win,win
2021,10,CLE,NE,7,45,NE -2.5,NE -3.5,NE -2.5,0.47%,45.5,50.14,Over,win,win
2021,9,ARI,SF,31,17,SF -5.5,SF -3.0,ARI +5.5,8.73%,44.5,51.06,Over,win,win
2021,9,DEN,DAL,30,16,DAL -10.5,DAL -9.0,DEN +10.5,3.67%,50.0,43.14,Under,win,win
2021,9,GB,KC,7,13,KC -7.0,KC -5.0,GB +7.0,5.93%,48.0,30.66,Under,win,win
2021,9,HOU,MIA,9,17,MIA -4.0,MIA -5.0,MIA -4.0,1.79%,45.0,33.21,Under,win,win
2021,9,LV,NYG,16,23,LV -3.0,LV -2.0,NYG +3.0,0.21%,47.0,50.49,Over,win,loss
2021,9,TEN,LA,28,16,LA -7.0,LA -5.5,TEN +7.0,4.95%,53.5,56.53,Over,win,loss
2021,8,CAR,ATL,19,13,ATL -2.5,ATL -1.5,CAR +2.5,2.16%,47.0,43.69,Under,win,win
2021,8,CIN,NYJ,31,34,CIN -11.5,CIN -10.0,NYJ +11.5,4.82%,43.5,56.46,Over,win,win
2021,8,DAL,MIN,20,16,MIN -4.5,MIN -2.0,DAL +4.5,9.57%,49.5,51.79,Over,win,loss
2021,8,GB,ARI,24,21,ARI -6.5,ARI -5.5,GB +6.5,2.10%,51.0,52.01,Over,win,loss
2021,8,JAX,SEA,7,31,SEA -4.0,SEA -6.0,SEA -4.0,5.86%,44.0,38.48,Under,win,win
2021,8,LA,HOU,38,22,LA -17.0,LA -14.5,HOU +17.0,9.29%,47.0,47.97,Over,win,win
2021,8,NE,LAC,27,24,LAC -3.5,LAC -1.5,NE +3.5,6.26%,50.5,62.81,Over,win,win
2021,8,PIT,CLE,15,10,-CLE 5.50,-CLE 4.50,PIT +5.5,1.49%,43.0,31.8,Under,win,win
2021,8,TB,NO,27,36,TB -4.0,TB -3.0,NO +4.0,0.12%,48.5,56.38,Over,win,win
2021,7,ATL,MIA,30,28,ATL -1.5,MIA -0.0,MIA +1.5,4.62%,48.5,51.9,Over,loss,win
2021,7,CHI,TB,3,38,TB -12.5,TB -11.5,CHI +12.5,2.69%,47.0,46.1,Under,loss,win
2021,7,CIN,BAL,41,17,BAL -6.5,BAL -7.5,BAL -6.5,0.42%,45.5,56.69,Over,loss,win
2021,7,DET,LA,19,28,LA -17.0,LA -15.5,DET +17.0,5.56%,51.0,47.87,Under,win,win
2021,7,HOU,ARI,5,31,ARI -20.5,ARI -18.0,HOU +20.5,9.89%,47.0,40.65,Under,loss,win
2021,7,IND,SF,30,18,SF -3.5,SF -2.5,IND +3.5,1.95%,41.5,42.67,Over,win,win
2021,7,NO,SEA,13,10,NO -6.0,NO -4.0,SEA +6.0,6.02%,42.0,32.8,Under,win,win
2021,7,NYJ,NE,13,54,NE -7.0,NE -8.5,NE -7.0,4.93%,43.0,57.02,Over,win,win
2021,6,DAL,NE,35,29,DAL -3.5,DAL -2.0,NE +3.5,3.71%,50.5,60.07,Over,loss,win
2021,6,GB,CHI,24,14,GB -5.5,GB -4.0,CHI +5.5,2.88%,44.0,42.67,Under,loss,win
2021,6,MIN,CAR,34,28,MIN -2.5,MIN -1.0,CAR +2.5,4.66%,45.5,48.31,Over,loss,win
2021,6,SEA,PIT,20,23,PIT -5.5,PIT -3.5,SEA +5.5,5.93%,43.0,42.67,Under,win,push
2021,5,BUF,KC,38,20,KC -2.5,KC -1.5,BUF +2.5,0.61%,57.0,69.19,Over,win,win
2021,5,CHI,LV,20,9,LV -5.5,LV -4.5,CHI +5.5,0.20%,46.0,37.2,Under,win,win
2021,5,DEN,PIT,19,27,DEN -2.0,DEN -1.0,PIT +2.0,2.44%,40.0,35.14,Under,win,loss
2021,5,LA,SEA,26,17,LA -2.5,LA -1.0,SEA +2.5,4.31%,53.5,45.13,Under,loss,win
2021,5,NO,WAS,33,22,NO -2.5,NO -3.5,NO -2.5,0.13%,43.5,52.1,Over,win,win
2021,5,SF,ARI,10,17,ARI -6.0,ARI -4.5,SF +6.0,5.17%,48.5,47.97,Under,loss,win
2021,4,BAL,DEN,23,7,DEN -1.0,DEN -0.0,BAL +1.0,0.18%,44.0,42.67,Under,win,win
2021,4,HOU,BUF,0,40,BUF -19.0,BUF -17.0,HOU +19.0,7.83%,47.5,43.23,Under,loss,win
2021,4,IND,MIA,27,17,MIA -2.5,MIA -1.0,IND +2.5,4.32%,41.5,35.38,Under,win,loss
2021,4,KC,PHI,42,30,KC -7.5,KC -6.5,PHI +7.5,0.98%,53.5,57.49,Over,loss,win
2021,4,TB,NE,19,17,TB -6.0,TB -3.5,NE +6.0,8.93%,49.5,45.46,Under,win,win
2021,3,ARI,JAX,31,19,ARI -8.0,ARI -7.0,JAX +8.0,2.30%,51.5,51.91,Over,loss,loss
2021,3,CAR,HOU,24,9,CAR -8.0,CAR -6.0,HOU +8.0,8.37%,43.0,45.13,Over,loss,loss
2021,3,CHI,CLE,6,26,-CLE 7.50,-CLE 6.50,CHI +7.5,0.48%,45.0,40.5,Under,loss,win
2021,3,CIN,PIT,24,10,PIT -2.5,PIT -3.5,PIT -2.5,2.56%,42.5,39.3,Under,loss,win
2021,3,IND,TEN,16,25,TEN -4.5,TEN -3.0,IND +4.5,4.50%,47.0,42.67,Under,loss,win
2021,3,NYJ,DEN,0,26,DEN -10.5,DEN -9.5,NYJ +10.5,2.03%,42.0,32.8,Under,loss,win
2021,2,ATL,TB,25,48,TB -13.5,TB -12.0,ATL +13.5,4.87%,52.0,53.15,Over,loss,win
2021,2,BUF,MIA,35,0,BUF -3.5,BUF -2.0,MIA +3.5,3.05%,48.0,38.88,Under,loss,win
2021,2,DEN,JAX,23,13,DEN -6.0,DEN -5.0,JAX +6.0,1.43%,45.0,42.15,Under,loss,win
2021,2,HOU,CLE,21,31,-CLE 13.50,-CLE 11.50,HOU +13.5,5.79%,48.5,56.53,Over,win,win
2021,2,KC,BAL,35,36,KC -3.5,KC -2.0,BAL +3.5,2.94%,53.5,51.79,Under,win,loss
2021,2,LA,IND,27,24,LA -4.0,LA -2.5,IND +4.0,3.98%,48.0,50.62,Over,win,win
2021,2,SF,PHI,17,11,SF -3.0,SF -2.0,PHI +3.0,1.71%,49.0,46.1,Under,loss,win
2021,1,CHI,LA,14,34,LA -9.5,LA -8.0,CHI +9.5,2.90%,46.0,41.17,Under,loss,loss
2021,1,DAL,TB,29,31,TB -10.0,TB -8.0,DAL +10.0,8.28%,52.5,57.14,Over,win,win
2021,1,DEN,NYG,27,13,DEN -3.0,DEN -2.0,NYG +3.0,1.06%,41.5,41.44,Under,loss,win
2021,1,GB,NO,3,38,GB -4.0,GB -3.0,NO +4.0,1.47%,49.0,45.13,Under,win,win
2021,1,JAX,HOU,21,37,JAX -3.5,JAX -2.0,HOU +3.5,2.88%,45.5,53.55,Over,win,win
2021,1,LAC,WAS,20,16,WAS -2.5,WAS -1.0,LAC +2.5,5.16%,45.5,46.1,Over,win,loss
2021,1,PIT,BUF,23,16,BUF -6.5,BUF -5.5,PIT +6.5,0.69%,48.0,45.13,Under,win,win
2021,1,SEA,IND,28,16,SEA -3.0,SEA -2.0,IND +3.0,2.40%,49.0,47.85,Under,loss,win
2021,1,SF,DET,41,33,SF -9.5,SF -8.5,DET +9.5,1.83%,46.0,59.43,Over,win,win
2020,21,KC,TB,9,31,KC -3.0,KC -1.5,TB +3.0,5.39%,55.0,51.01,Under,win,win
2020,20,BUF,KC,24,38,KC -3.0,KC -2.0,BUF +3.0,2.51%,54.5,49.39,Under,loss,loss
2020,19,CLE,KC,17,22,KC -7.5,KC -6.5,CLE 7.50,0.12%,55.5,45.95,Under,win,win
2020,19,LA,GB,18,32,GB -7.0,GB -6.0,LA +7.0,2.30%,45.0,51.73,Over,loss,win
2020,17,LV,DEN,32,31,LV -2.5,LV -1.5,DEN +2.5,0.88%,50.5,53.12,Over,win,win
2020,17,MIA,BUF,26,56,MIA -3.5,MIA -1.0,BUF +3.5,11.29%,42.5,76.1,Over,win,win
2020,17,NYJ,NE,14,28,NE -3.0,NE -5.5,NE -3.0,10.44%,41.0,38.48,Under,win,loss
2020,17,TEN,HOU,41,38,TEN -7.0,TEN -6.0,HOU +7.0,2.39%,55.5,68.83,Over,win,win
2020,16,ATL,KC,14,17,KC -11.0,KC -10.0,ATL +11.0,1.07%,54.0,45.23,Under,win,win
2020,16,BUF,NE,38,9,BUF -7.0,BUF -4.5,NE +7.0,8.81%,47.0,37.25,Under,loss,push
2020,16,CAR,WAS,20,13,CAR -1.0,WAS -0.5,WAS +1.0,3.10%,41.0,38.79,Under,loss,win
2020,16,CIN,HOU,37,31,HOU -7.5,HOU -6.5,CIN +7.5,2.04%,46.0,47.76,Over,win,win
2020,16,IND,PIT,24,28,IND -1.0,PIT -0.5,PIT +1.0,4.95%,43.0,55.5,Over,win,win
2020,16,MIN,NO,33,52,NO -6.5,NO -7.5,NO -6.5,2.02%,49.0,65.55,Over,win,win
2020,16,TB,DET,47,7,TB -12.0,TB -10.5,DET +12.0,3.24%,55.0,51.9,Under,loss,win
2020,15,BUF,DEN,48,19,BUF -5.5,BUF -4.5,DEN +5.5,1.54%,49.0,58.68,Over,loss,win
2020,15,CLE,NYG,20,6,-CLE 6.00,-CLE 5.00,NYG +6.0,1.42%,44.5,35.38,Under,loss,win
2020,15,JAX,BAL,14,40,BAL -13.0,BAL -14.0,BAL -13.0,2.46%,49.5,55.9,Over,win,win
2020,15,KC,NO,32,29,KC -2.5,KC -1.0,NO +2.5,4.12%,53.5,53.93,Over,loss,win
2020,15,NE,MIA,12,22,NE -1.5,MIA -0.0,MIA +1.5,4.92%,40.0,42.15,Over,win,loss
2020,15,PHI,ARI,26,33,ARI -6.5,ARI -5.5,PHI +6.5,2.26%,49.5,54.12,Over,loss,win
2020,15,TB,ATL,31,27,TB -6.0,TB -4.5,ATL +6.0,4.08%,49.5,50.03,Over,win,win
2020,14,ATL,LAC,17,20,LAC -1.0,ATL -0.5,ATL +1.0,5.15%,49.0,35.14,Under,loss,win
2020,14,BAL,CLE,47,42,BAL -3.0,BAL -4.0,BAL -3.0,0.22%,45.5,71.3,Over,win,win
2020,14,DAL,CIN,30,7,DAL -3.0,DAL -1.5,CIN +3.0,3.40%,44.0,36.26,Under,loss,win
2020,14,GB,DET,31,24,GB -9.5,GB -8.5,DET +9.5,0.09%,55.5,63.77,Over,win,loss
2020,14,KC,MIA,33,27,KC -7.5,KC -5.5,MIA +7.5,8.36%,51.5,54.04,Over,win,win
2020,14,NE,LA,3,24,LA -5.0,LA -4.0,NE +5.0,1.47%,43.5,48.72,Over,loss,loss
2020,14,NO,PHI,21,24,NO -7.5,NO -6.5,PHI +7.5,0.39%,43.0,42.67,Under,win,loss
2020,14,NYJ,SEA,3,40,SEA -16.5,SEA -15.0,NYJ +16.5,3.00%,49.5,35.79,Under,loss,win
2020,14,PIT,BUF,15,26,BUF -2.0,BUF -0.5,PIT +2.0,3.57%,48.5,44.57,Under,loss,win
2020,13,DAL,BAL,17,34,BAL -8.5,BAL -10.0,BAL -8.5,4.79%,46.0,46.1,Over,win,win
2020,13,DET,CHI,34,30,CHI -3.0,CHI -4.0,CHI -3.0,1.86%,44.0,43.14,Under,loss,loss
2020,13,IND,HOU,26,20,IND -3.5,IND -2.5,HOU +3.5,2.18%,50.0,57.14,Over,loss,loss
2020,13,LV,NYJ,31,28,LV -7.5,LV -6.5,NYJ +7.5,0.17%,48.0,43.25,Under,win,loss
2020,13,NE,LAC,45,0,LAC -2.5,LAC -1.5,NE +2.5,1.68%,47.0,42.67,Under,win,win
2020,13,NO,ATL,21,16,NO -2.5,NO -3.5,NO -2.5,0.30%,46.0,47.14,Over,win,loss
2020,13,NYG,SEA,17,12,SEA -11.0,SEA -10.0,NYG +11.0,0.60%,48.5,42.67,Under,win,win
2020,13,WAS,PIT,23,17,PIT -5.5,PIT -7.5,PIT -5.5,7.71%,43.5,47.14,Over,loss,loss
2020,12,ARI,NE,17,20,ARI -1.0,ARI -0.0,NE +1.0,1.03%,51.0,42.67,Under,win,win
2020,12,BAL,PIT,14,19,PIT -10.5,PIT -7.5,BAL +10.5,11.79%,41.5,45.86,Over,win,loss
2020,12,LV,ATL,6,43,LV -3.5,LV -2.5,ATL +3.5,2.12%,53.0,56.61,Over,win,loss
2020,12,NYG,CIN,19,17,NYG -6.5,NYG -4.5,CIN +6.5,8.21%,45.0,34.21,Under,win,win
2020,12,SEA,PHI,23,17,SEA -6.5,SEA -4.5,PHI +6.5,7.88%,50.0,35.38,Under,win,win
2020,11,ATL,NO,9,24,NO -3.5,NO -5.0,NO -3.5,4.09%,49.5,52.01,Over,win,loss
2020,11,DET,CAR,0,20,DET -3.0,DET -1.0,CAR +3.0,7.93%,47.0,40.8,Under,win,win
2020,11,KC,LV,35,31,KC -7.5,KC -6.5,LV +7.5,2.28%,56.5,71.3,Over,win,win
2020,11,LA,TB,27,24,TB -4.0,TB -3.0,LA +4.0,1.06%,47.5,49.2,Over,win,win
2020,11,PHI,CLE,17,22,-CLE 2.50,-CLE 1.50,PHI +2.5,0.88%,45.5,34.69,Under,loss,win
2020,11,TEN,BAL,30,24,BAL -6.0,BAL -7.0,BAL -6.0,2.61%,50.5,44.65,Under,loss,loss
2020,10,CIN,PIT,10,36,PIT -6.5,PIT -7.5,PIT -6.5,2.18%,45.5,51.35,Over,win,win
2020,10,LAC,MIA,21,29,MIA -1.0,MIA -2.5,MIA -1.0,3.70%,48.5,55.44,Over,win,win
2020,10,MIN,CHI,19,13,MIN -3.5,MIN -2.0,CHI +3.5,4.19%,44.0,42.67,Under,loss,win
2020,10,SF,NO,13,27,NO -9.5,NO -7.5,SF +9.5,6.35%,49.5,51.82,Over,loss,loss
2020,9,BAL,IND,24,10,IND -1.0,BAL -0.0,BAL +1.0,1.89%,48.0,51.56,Over,win,loss
2020,9,CAR,KC,31,33,KC -10.0,KC -11.0,KC -10.0,2.01%,51.5,56.69,Over,loss,win
2020,9,CHI,TEN,17,24,TEN -6.5,TEN -5.0,CHI +6.5,4.03%,46.5,37.79,Under,loss,win
2020,9,DEN,ATL,27,34,ATL -4.5,ATL -3.5,DEN +4.5,0.11%,50.0,51.9,Over,loss,win
2020,9,GB,SF,34,17,GB -6.0,GB -3.0,SF +6.0,12.71%,48.5,51.83,Over,loss,win
2020,9,LV,LAC,31,26,LV -1.0,LAC -0.0,LAC +1.0,1.32%,52.5,52.1,Under,loss,loss
2020,9,MIA,ARI,34,31,ARI -6.0,ARI -4.5,MIA +6.0,4.12%,49.0,63.77,Over,win,win
2020,9,NYG,WAS,23,20,WAS -3.0,WAS -2.0,NYG +3.0,0.28%,43.0,44.11,Over,win,push
2020,8,ATL,CAR,25,17,CAR -1.5,CAR -0.5,ATL +1.5,1.32%,52.0,45.46,Under,win,win
2020,8,LAC,DEN,30,31,LAC -3.0,LAC -1.5,DEN +3.0,4.71%,44.5,54.1,Over,win,win
2020,8,LA,MIA,17,28,LA -3.5,LA -2.5,MIA +3.5,2.08%,46.5,50.58,Over,win,loss
2020,8,NE,BUF,21,24,BUF -4.0,BUF -3.0,NE +4.0,1.39%,41.0,34.98,Under,win,loss
2020,8,NO,CHI,26,23,NO -5.5,NO -4.0,CHI +5.5,2.89%,41.0,45.13,Over,win,win
2020,8,NYJ,KC,9,35,KC -20.0,KC -19.0,NYJ +20.0,0.96%,49.0,37.25,Under,loss,win
2020,8,TB,NYG,25,23,TB -13.0,TB -11.0,NYG +13.0,5.91%,47.0,51.89,Over,win,win
2020,8,TEN,CIN,20,31,TEN -7.5,TEN -6.0,CIN +7.5,5.62%,49.5,57.26,Over,win,win
2020,7,BUF,NYJ,18,10,BUF -9.5,BUF -8.0,NYJ +9.5,4.46%,47.0,28.42,Under,win,win
2020,7,CLE,CIN,37,34,-CLE 4.50,-CLE 3.00,CIN +4.5,3.89%,50.0,51.33,Over,win,win
2020,7,DAL,WAS,3,25,DAL -1.0,DAL -2.0,DAL -1.0,0.16%,44.5,36.67,Under,loss,win
2020,7,DET,ATL,23,22,ATL -1.0,ATL -2.0,ATL -1.0,0.75%,54.0,51.93,Under,loss,win
2020,7,KC,DEN,43,16,KC -7.0,KC -6.0,DEN +7.0,1.20%,46.0,56.46,Over,loss,win
2020,7,PIT,TEN,27,24,TEN -1.0,TEN -0.0,PIT +1.0,0.81%,51.0,63.26,Over,win,push
2020,7,SEA,ARI,34,37,SEA -3.5,SEA -2.5,ARI +3.5,0.81%,55.5,68.83,Over,win,win
2020,6,BAL,PHI,30,28,BAL -10.5,BAL -9.0,PHI +10.5,5.52%,46.5,56.53,Over,win,win
2020,6,CHI,CAR,23,16,CAR -2.0,CAR -0.5,CHI +2.0,2.82%,45.0,42.67,Under,win,win
2020,6,GB,TB,10,38,GB -3.0,GB -2.0,TB +3.0,1.33%,55.0,53.15,Under,win,win
2020,5,ARI,NYJ,30,10,ARI -7.0,ARI -5.5,NYJ +7.0,4.99%,48.5,40.65,Under,loss,win
2020,5,BUF,TEN,16,42,BUF -3.0,BUF -2.0,TEN +3.0,1.81%,52.0,59.55,Over,win,win
2020,5,PHI,PIT,29,38,PIT -7.5,PIT -6.0,PHI +7.5,3.09%,44.0,56.94,Over,loss,win
2020,4,ATL,GB,16,30,GB -5.0,GB -6.0,GB -5.0,0.98%,56.5,57.58,Over,win,loss
2020,4,BAL,WAS,31,17,BAL -14.5,BAL -13.0,WAS +14.5,4.36%,45.0,44.11,Under,win,loss
2020,4,IND,CHI,19,11,IND -3.5,IND -2.5,CHI +3.5,1.73%,43.5,45.13,Over,loss,loss
2020,4,JAX,CIN,25,33,CIN -1.0,CIN -2.5,CIN -1.0,2.99%,50.0,52.25,Over,win,win
2020,4,LAC,TB,31,38,TB -7.5,TB -6.0,LAC +7.5,3.13%,42.5,61.72,Over,win,win
2020,4,MIN,HOU,31,23,HOU -3.5,HOU -2.5,MIN +3.5,1.57%,52.5,44.11,Under,win,loss
2020,4,NYG,LA,9,17,LA -13.5,LA -11.5,NYG +13.5,6.67%,49.5,40.65,Under,win,win
2020,3,HOU,PIT,21,28,PIT -4.0,PIT -5.0,PIT -4.0,1.08%,46.5,46.1,Under,win,loss
2020,3,MIA,JAX,31,13,JAX -3.0,JAX -2.0,MIA +3.0,0.99%,49.0,45.13,Under,win,win
2020,3,NYJ,IND,7,36,IND -12.5,IND -10.5,NYJ +12.5,6.14%,44.0,41.17,Under,loss,win
2020,3,SF,NYG,36,9,SF -3.0,SF -4.0,SF -3.0,0.56%,44.0,43.04,Under,win,loss
2020,3,TB,DEN,28,10,TB -6.0,TB -3.5,DEN +6.0,9.38%,42.5,42.15,Under,loss,win
2020,3,TEN,MIN,31,30,TEN -3.0,TEN -1.0,MIN +3.0,6.35%,49.5,51.9,Over,win,win
2020,3,WAS,CLE,20,34,-CLE 7.50,-CLE 6.00,WAS +7.5,2.90%,45.0,47.03,Over,loss,win
2020,2,BUF,MIA,31,28,BUF -5.5,BUF -4.5,MIA +5.5,0.76%,42.5,50.64,Over,win,win
2020,2,CIN,CLE,30,35,-CLE 6.00,-CLE 5.00,CIN +6.0,1.18%,44.5,48.33,Over,win,win
2020,2,KC,LAC,23,20,KC -8.5,KC -7.0,LAC +8.5,4.68%,47.0,47.85,Over,win,loss
2020,2,NE,SEA,30,35,SEA -4.0,SEA -3.0,NE +4.0,0.62%,45.0,53.15,Over,loss,win
2020,2,SF,NYJ,31,13,SF -7.0,SF -6.0,NYJ +7.0,0.59%,41.5,41.17,Under,loss,loss
2020,2,WAS,ARI,15,30,ARI -7.5,ARI -6.5,WAS +7.5,0.31%,46.5,45.13,Under,loss,win
2020,1,CHI,DET,27,23,DET -2.5,DET -1.0,CHI +2.5,3.67%,42.5,39.82,Under,win,loss
2020,1,CLE,BAL,6,38,BAL -7.0,BAL -8.0,BAL -7.0,0.12%,47.0,42.67,Under,win,win
2020,1,LAC,CIN,16,13,LAC -2.5,LAC -1.5,CIN +2.5,0.32%,41.5,42.67,Over,loss,loss
2020,1,LV,CAR,34,30,LV -3.0,LV -2.0,CAR +3.0,0.79%,48.0,41.11,Under,loss,loss
2020,1,PIT,NYG,26,16,PIT -6.0,PIT -5.0,NYG +6.0,0.86%,44.0,42.29,Under,loss,win
2020,1,SEA,ATL,38,25,ATL -1.0,SEA -0.0,SEA +1.0,1.38%,49.5,52.25,Over,win,win
2020,1,TEN,DEN,16,14,TEN -3.0,TEN -1.0,DEN +3.0,7.08%,41.0,38.35,Under,win,win
2019,20,GB,SF,20,37,SF -8.0,SF -7.0,GB +8.0,0.44%,46.5,57.11,Over,loss,win
2019,19,MIN,SF,10,27,SF -7.0,SF -5.5,MIN +7.0,5.05%,44.5,47.27,Over,loss,loss
2019,18,MIN,NO,26,20,NO -7.5,NO -6.5,MIN +7.5,2.47%,50.0,52.1,Over,win,loss
2019,18,TEN,NE,20,13,NE -4.5,NE -5.5,NE -4.5,1.27%,45.0,45.57,Over,loss,loss
2019,17,MIA,NE,27,24,NE -17.5,NE -18.5,NE -17.5,2.01%,46.0,53.07,Over,loss,win
2019,17,SF,SEA,26,21,SF -3.5,SF -2.5,SEA +3.5,0.10%,47.0,48.91,Over,loss,push
2019,16,BUF,NE,17,24,NE -7.0,NE -8.0,NE -7.0,2.05%,39.5,42.67,Over,push,win
2019,16,DET,DEN,17,27,DEN -9.5,DEN -8.5,DET +9.5,2.74%,40.0,40.4,Over,loss,win
2019,16,GB,MIN,23,10,MIN -4.0,MIN -5.0,MIN -4.0,0.94%,47.0,42.67,Under,loss,win
2019,16,HOU,TB,23,20,HOU -3.0,HOU -1.5,TB +3.0,2.79%,50.0,54.93,Over,push,loss
2019,16,LA,SF,31,34,SF -7.0,SF -6.0,LA +7.0,0.13%,45.5,56.69,Over,win,win
2019,16,LV,LAC,24,17,LAC -7.5,LAC -8.5,LAC -7.5,1.28%,45.0,42.67,Under,loss,win
2019,15,ATL,SF,29,22,SF -10.5,SF -9.5,ATL +10.5,0.19%,50.0,50.0,Over,win,win
2019,15,BUF,PIT,17,10,PIT -1.0,PIT -2.0,PIT -1.0,1.70%,37.0,37.45,Over,loss,loss
2019,15,DEN,KC,3,23,KC -10.0,KC -9.0,DEN +10.0,1.21%,43.0,50.33,Over,loss,loss
2019,15,JAX,LV,20,16,LV -7.0,LV -5.0,JAX +7.0,7.42%,47.0,30.66,Under,win,win
2019,15,NE,CIN,34,13,NE -10.5,NE -12.0,NE -10.5,3.11%,42.0,42.67,Over,win,win
2019,15,PHI,WAS,37,27,PHI -7.0,PHI -6.0,WAS +7.0,0.19%,38.0,53.17,Over,loss,win
2019,15,SEA,CAR,30,24,SEA -6.0,SEA -5.0,CAR +6.0,1.33%,48.5,51.06,Over,push,win
2019,15,TB,DET,38,17,TB -5.5,TB -3.5,DET +5.5,6.13%,46.0,52.44,Over,loss,win
2019,14,DEN,HOU,38,24,HOU -8.0,HOU -7.0,DEN +8.0,0.17%,42.5,46.1,Over,win,win
2019,14,DET,MIN,7,20,MIN -12.0,MIN -11.0,DET +12.0,2.50%,43.5,41.17,Under,loss,win
2019,14,KC,NE,23,16,NE -3.0,NE -4.5,NE -3.0,3.29%,49.5,42.15,Under,loss,win
2019,14,MIA,NYJ,21,22,NYJ -5.0,NYJ -6.0,NYJ -5.0,1.62%,47.0,46.17,Under,loss,win
2019,14,PIT,ARI,23,17,PIT -2.5,PIT -3.5,PIT -2.5,1.34%,43.5,39.3,Under,win,win
2019,14,TEN,LV,42,21,TEN -3.0,TEN -4.0,TEN -3.0,0.18%,47.0,53.75,Over,win,win
2019,13,CHI,DET,24,20,CHI -5.5,CHI -3.5,DET +5.5,6.81%,37.5,37.25,Under,win,loss
2019,13,CLE,PIT,13,20,-CLE 1.00,PIT -1.0,PIT +1.0,6.68%,40.0,35.38,Under,win,win
2019,13,GB,NYG,31,13,GB -6.5,GB -5.5,NYG +6.5,0.79%,43.5,37.45,Under,loss,loss
2019,13,LAC,DEN,20,23,LAC -4.5,LAC -3.0,DEN +4.5,3.29%,39.0,39.3,Over,win,win
2019,13,NE,HOU,22,28,NE -3.5,NE -4.5,NE -3.5,1.92%,47.0,35.38,Under,loss,loss
2019,13,NO,ATL,26,18,NO -7.0,NO -5.5,ATL +7.0,3.70%,48.0,51.17,Over,loss,loss
2019,13,TEN,IND,31,17,TEN -1.0,TEN -0.0,IND +1.0,0.50%,41.5,59.35,Over,loss,win
2019,12,CAR,NO,31,34,NO -10.0,NO -9.0,CAR +10.0,0.15%,46.0,48.22,Over,win,win
2019,12,DAL,NE,9,13,NE -5.5,NE -6.5,NE -5.5,2.21%,44.5,37.45,Under,loss,win
2019,12,LV,NYJ,3,34,LV -3.5,LV -2.0,NYJ +3.5,4.89%,45.0,44.66,Under,win,win
2019,12,SEA,PHI,17,9,SEA -1.0,PHI -0.0,PHI +1.0,1.37%,45.5,35.79,Under,loss,win
2019,11,DAL,DET,35,27,DAL -7.5,DAL -6.5,DET +7.5,2.52%,46.5,50.79,Over,loss,win
2019,11,DEN,MIN,23,27,MIN -10.0,MIN -9.0,DEN +10.0,1.18%,40.5,45.13,Over,win,win
2019,11,KC,LAC,24,17,KC -5.5,KC -4.0,LAC +5.5,3.60%,52.5,50.23,Under,loss,win
2019,11,PIT,CLE,7,21,-CLE 3.00,-CLE 1.50,PIT +3.0,5.66%,41.5,34.22,Under,loss,win
2019,10,ATL,NO,26,9,NO -14.0,NO -13.0,ATL +14.0,2.25%,51.5,42.67,Under,win,win
2019,10,LAC,LV,24,26,LAC -1.0,LAC -2.0,LAC -1.0,2.41%,49.0,49.3,Over,loss,win
2019,10,LA,PIT,12,17,LA -4.0,LA -2.0,PIT +4.0,6.63%,43.0,46.43,Over,win,loss
2019,10,NYG,NYJ,27,34,NYG -3.0,NYG -2.0,NYJ +3.0,2.29%,43.0,49.2,Over,win,win
2019,9,CLE,DEN,19,24,-CLE 4.00,-CLE 1.50,DEN +4.0,9.38%,39.0,35.92,Under,win,loss
2019,9,DET,LV,24,31,LV -2.5,LV -1.5,DET +2.5,1.95%,51.5,53.22,Over,loss,win
2019,9,GB,LAC,11,26,GB -4.0,GB -2.5,LAC +4.0,3.99%,50.0,50.12,Over,win,loss
2019,9,IND,PIT,24,26,PIT -1.0,PIT -3.0,PIT -1.0,6.19%,39.5,50.14,Over,win,win
2019,9,MIN,KC,23,26,MIN -5.5,MIN -3.0,KC +5.5,10.58%,46.0,52.1,Over,win,win
2019,9,NE,BAL,20,37,NE -3.0,NE -4.5,NE -3.0,3.18%,44.5,51.33,Over,loss,win
2019,9,WAS,BUF,9,24,BUF -10.5,BUF -9.0,WAS +10.5,4.23%,37.0,33.67,Under,loss,win
2019,8,CIN,LA,10,24,LA -12.0,LA -11.0,CIN +12.0,0.37%,48.5,39.82,Under,loss,win
2019,8,CLE,NE,13,27,NE -9.5,NE -11.5,NE -9.5,7.63%,43.0,43.69,Over,win,loss
2019,8,DEN,IND,13,15,IND -6.0,IND -5.0,DEN +6.0,2.53%,41.0,34.91,Under,win,win
2019,8,GB,KC,31,24,GB -5.0,GB -2.0,KC +5.0,13.08%,48.0,56.53,Over,loss,win
2019,8,LAC,CHI,17,16,CHI -3.5,CHI -2.5,LAC +3.5,1.45%,41.0,39.3,Under,win,win
2019,8,MIA,PIT,14,27,PIT -14.0,PIT -15.0,PIT -14.0,2.09%,44.0,42.67,Under,loss,win
2019,8,LV,HOU,24,27,HOU -5.0,HOU -6.5,HOU -5.0,2.93%,52.0,50.79,Under,loss,win
2019,8,WAS,MIN,9,19,MIN -16.5,MIN -15.5,WAS +16.5,2.74%,42.0,40.65,Under,win,win
2019,7,HOU,IND,23,30,IND -1.5,IND -0.5,HOU +1.5,1.20%,46.5,59.22,Over,loss,win
2019,7,LAC,TEN,20,23,TEN -3.0,TEN -1.0,LAC +3.0,6.17%,42.5,33.81,Under,push,loss
2019,7,MIA,BUF,21,31,BUF -17.0,BUF -16.0,MIA +17.0,2.41%,42.5,40.36,Under,win,loss
2019,7,NE,NYJ,33,0,NE -9.5,NE -10.5,NE -9.5,2.62%,43.0,37.45,Under,win,win
2019,7,NO,CHI,36,25,CHI -4.0,CHI -2.5,NO +4.0,4.14%,37.0,47.03,Over,win,win
2019,7,LV,GB,24,42,GB -5.5,GB -6.5,GB -5.5,2.42%,48.0,58.79,Over,win,win
2019,7,PHI,DAL,10,37,DAL -3.0,DAL -2.0,PHI +3.0,0.69%,50.0,50.23,Over,loss,loss
2019,6,ATL,ARI,33,34,ATL -3.0,ATL -2.0,ARI +3.0,0.09%,52.5,49.39,Under,win,loss
2019,6,DAL,NYJ,22,24,DAL -7.0,DAL -6.0,NYJ +7.0,0.18%,43.5,39.71,Under,win,loss
2019,6,DET,GB,22,23,GB -3.5,GB -4.5,GB -3.5,1.95%,47.0,51.73,Over,loss,loss
2019,6,NO,JAX,13,6,JAX -2.5,JAX -1.0,NO +2.5,5.25%,42.5,37.45,Under,win,win
2019,6,PIT,LAC,24,17,LAC -6.0,LAC -4.5,PIT +6.0,5.25%,42.5,43.88,Over,win,loss
2019,6,SEA,CLE,32,28,-CLE 1.00,SEA -0.0,SEA +1.0,1.69%,45.5,53.55,Over,win,win
2019,6,WAS,MIA,17,16,WAS -6.0,WAS -5.0,MIA +6.0,0.78%,42.0,29.83,Under,win,win
2019,5,BAL,PIT,26,23,BAL -3.5,BAL -1.0,PIT +3.5,9.42%,44.0,51.91,Over,win,win
2019,5,CLE,SF,3,31,SF -5.0,SF -4.0,CLE 5.00,1.22%,47.5,51.06,Over,loss,loss
2019,5,MIN,NYG,28,10,MIN -5.5,MIN -4.5,NYG +5.5,1.86%,44.0,44.68,Over,loss,loss
2019,5,TB,NO,24,31,NO -3.0,NO -4.0,NO -3.0,0.90%,46.0,60.07,Over,win,win
2019,4,CAR,HOU,16,10,HOU -5.5,HOU -4.5,CAR +5.5,2.14%,47.5,38.48,Under,win,win
2019,4,CIN,PIT,3,27,PIT -3.5,PIT -5.0,PIT -3.5,5.30%,45.5,39.76,Under,win,win
2019,4,DAL,NO,10,12,DAL -2.5,DAL -1.0,NO +2.5,3.03%,47.0,42.15,Under,win,win
2019,4,LAC,MIA,30,10,LAC -15.0,LAC -13.5,MIA +15.0,3.01%,43.5,34.21,Under,loss,win
2019,4,NE,BUF,16,10,NE -7.0,NE -8.0,NE -7.0,0.92%,41.5,45.7,Over,loss,loss
2019,3,CAR,ARI,38,20,ARI -2.5,ARI -1.0,CAR +2.5,3.59%,46.0,50.14,Over,win,win
2019,3,DET,PHI,27,24,PHI -4.0,PHI -5.0,PHI -4.0,1.45%,45.0,49.28,Over,loss,win
2019,3,MIA,DAL,6,31,DAL -22.0,DAL -19.5,MIA +22.0,11.39%,46.5,37.45,Under,loss,win
2019,3,NO,SEA,33,27,SEA -5.0,SEA -4.0,NO +5.0,0.97%,44.0,51.9,Over,win,win
2019,3,NYG,TB,32,31,TB -5.0,TB -4.0,NYG +5.0,1.23%,48.0,43.14,Under,win,loss
2019,3,PIT,SF,20,24,SF -6.0,SF -4.0,PIT +6.0,6.66%,44.5,49.38,Over,win,loss
2019,3,TEN,JAX,7,20,TEN -1.5,TEN -0.5,JAX +1.5,0.46%,38.0,40.1,Over,win,loss
2019,2,CHI,DEN,16,14,CHI -3.0,CHI -2.0,DEN +3.0,0.76%,41.0,28.42,Under,win,win
2019,2,CLE,NYJ,23,3,-CLE 6.50,-CLE 3.50,NYJ +6.5,11.82%,45.5,34.04,Under,loss,win
2019,2,JAX,HOU,12,13,HOU -7.5,HOU -6.5,JAX +7.5,1.87%,43.0,29.44,Under,win,win
2019,2,LAC,DET,10,13,LAC -1.0,LAC -2.0,LAC -1.0,1.97%,47.0,47.27,Over,loss,loss
2019,2,SEA,PIT,28,26,PIT -4.0,PIT -3.0,SEA +4.0,1.92%,47.0,40.65,Under,win,loss
2019,1,DET,ARI,27,27,DET -2.5,DET -1.5,ARI +2.5,2.69%,45.5,42.67,Under,win,loss
2019,1,TEN,CLE,43,13,-CLE 5.50,-CLE 4.50,TEN +5.5,0.08%,44.0,50.23,Over,win,win
2018,21,NE,LA,13,3,NE -2.0,NE -1.0,LA +2.0,0.15%,55.5,46.17,Under,loss,win
2018,19,PHI,NO,14,20,NO -8.5,NO -7.5,PHI +8.5,1.36%,52.0,42.67,Under,win,win
2018,18,SEA,DAL,22,24,DAL -2.5,DAL -1.0,SEA +2.5,2.89%,43.0,57.14,Over,win,win
2018,17,CHI,MIN,24,10,MIN -6.0,MIN -4.5,CHI +6.0,3.98%,39.5,49.29,Over,win,loss
2018,17,CLE,BAL,24,26,BAL -7.0,BAL -8.0,BAL -7.0,0.35%,41.0,46.1,Over,loss,win
2018,17,DAL,NYG,36,35,NYG -7.5,NYG -4.0,DAL +7.5,15.05%,38.5,48.31,Over,win,win
2018,17,LAC,DEN,23,9,LAC -7.0,LAC -5.5,DEN +7.0,5.32%,43.5,35.4,Under,loss,win
2018,17,MIA,BUF,17,42,BUF -5.5,BUF -4.0,MIA +5.5,3.67%,39.5,38.03,Under,loss,loss
2018,16,ATL,CAR,24,10,ATL -2.5,ATL -0.5,CAR +2.5,5.79%,46.5,35.38,Under,loss,win
2018,16,CIN,CLE,18,26,-CLE 10.00,-CLE 7.50,CIN +10.0,10.86%,44.0,45.13,Over,win,push
2018,16,DEN,LV,14,27,DEN -2.5,DEN -3.5,DEN -2.5,1.38%,42.5,34.21,Under,loss,win
2018,16,LA,ARI,31,9,LA -14.5,LA -13.5,ARI +14.5,1.80%,43.0,34.97,Under,loss,win
2018,16,MIN,DET,27,9,MIN -6.5,MIN -5.0,DET +6.5,3.84%,41.5,35.14,Under,loss,win
2018,16,NYG,IND,27,28,IND -10.0,IND -9.0,NYG +10.0,0.65%,48.5,50.02,Over,win,win
2018,15,CLE,DEN,17,16,DEN -1.0,DEN -3.0,DEN -1.0,6.05%,47.0,35.38,Under,loss,win
2018,15,DAL,IND,0,23,IND -3.0,IND -2.0,DAL +3.0,1.34%,47.0,31.8,Under,loss,win
2018,15,DET,BUF,13,14,BUF -2.5,BUF -1.0,DET +2.5,4.07%,40.0,34.47,Under,win,win
2018,15,NE,PIT,10,17,NE -2.5,NE -1.0,PIT +2.5,3.82%,55.0,43.03,Under,win,win
2018,15,LV,CIN,16,30,CIN -3.0,CIN -4.0,CIN -3.0,0.07%,46.0,43.14,Under,win,push
2018,15,PHI,LA,30,23,LA -13.5,LA -11.0,PHI +13.5,10.15%,52.5,46.1,Under,win,loss
2018,15,TEN,NYG,17,0,TEN -2.5,TEN -1.0,NYG +2.5,2.92%,42.0,45.0,Over,loss,loss
2018,14,BAL,KC,24,27,KC -6.5,KC -5.5,BAL +6.5,1.81%,49.0,63.26,Over,win,win
2018,14,CIN,LAC,21,26,LAC -17.0,LAC -14.5,CIN +17.0,9.41%,48.5,51.35,Over,win,loss
2018,14,JAX,TEN,9,30,TEN -5.5,TEN -4.0,JAX +5.5,2.81%,36.5,34.22,Under,loss,loss
2018,14,NYG,WAS,40,16,NYG -3.0,NYG -1.5,WAS +3.0,3.78%,40.5,46.1,Over,loss,win
2018,13,BAL,ATL,26,16,ATL -2.5,ATL -1.5,BAL +2.5,2.19%,46.5,43.69,Under,win,win
2018,13,CLE,HOU,13,29,HOU -5.0,HOU -6.0,HOU -5.0,2.08%,47.5,55.31,Over,win,loss
2018,13,DEN,CIN,24,10,DEN -3.5,DEN -2.5,CIN +3.5,0.01%,45.0,41.21,Under,loss,win
2018,13,IND,JAX,0,6,IND -4.0,IND -3.0,JAX +4.0,0.28%,45.5,29.44,Under,win,win
2018,13,KC,LV,40,33,KC -14.0,KC -13.0,LV +14.0,0.13%,53.5,71.47,Over,win,win
2018,13,LA,DET,30,16,LA -10.5,LA -9.0,DET +10.5,3.23%,54.0,51.82,Under,loss,win
2018,13,NO,DAL,10,13,NO -7.0,NO -6.0,DAL +7.0,1.62%,51.5,47.05,Under,win,win
2018,13,NYJ,TEN,22,26,TEN -10.5,TEN -9.5,NYJ +10.5,0.34%,40.5,36.67,Under,win,loss
2018,13,SF,SEA,16,43,SEA -10.0,SEA -8.5,SF +10.0,2.93%,45.5,48.73,Over,loss,win
2018,12,ARI,LAC,10,45,LAC -14.0,LAC -13.0,ARI +14.0,0.14%,43.5,49.43,Over,loss,win
2018,12,ATL,NO,17,31,NO -11.5,NO -10.5,ATL +11.5,0.28%,61.0,51.79,Under,loss,win
2018,12,CLE,CIN,35,20,-CLE 1.00,CIN -0.5,CIN +1.0,4.59%,46.5,46.1,Under,loss,loss
2018,12,NE,NYJ,27,13,NE -13.0,NE -12.0,NYJ +13.0,2.03%,46.5,33.34,Under,loss,win
2018,12,SF,TB,9,27,TB -1.5,TB -0.0,SF +1.5,3.09%,54.5,43.88,Under,loss,win
2018,12,WAS,DAL,23,31,DAL -7.0,DAL -6.0,WAS +7.0,0.40%,40.0,48.33,Over,loss,win
2018,11,CAR,DET,19,20,CAR -4.0,CAR -3.0,DET +4.0,0.99%,48.0,42.67,Under,win,win
2018,11,DAL,ATL,22,19,ATL -3.5,ATL -2.5,DAL +3.5,1.21%,50.0,45.13,Under,win,win
2018,11,DEN,LAC,23,22,LAC -7.5,LAC -6.5,DEN +7.5,0.80%,47.0,43.14,Under,win,win
2018,11,PHI,NO,7,48,NO -7.0,NO -6.0,PHI +7.0,0.81%,56.5,56.94,Over,loss,loss
2018,10,DAL,PHI,27,20,PHI -7.5,PHI -6.0,DAL +7.5,3.31%,45.5,42.67,Under,win,loss
2018,10,MIA,GB,12,31,GB -13.0,GB -11.5,MIA +13.0,3.29%,48.5,42.43,Under,loss,win
2018,10,NO,CIN,51,14,NO -5.5,NO -4.5,CIN +5.5,0.90%,53.0,56.94,Over,loss,win
2018,10,SEA,LA,31,36,LA -10.0,LA -8.0,SEA +10.0,5.86%,51.0,57.14,Over,win,win
2018,10,WAS,TB,16,3,TB -3.5,TB -2.5,WAS +3.5,2.07%,51.0,38.79,Under,win,win
2018,9,CHI,BUF,41,9,CHI -10.5,CHI -9.0,BUF +10.5,3.60%,38.0,37.25,Under,loss,loss
2018,9,LV,SF,3,34,LV -1.5,SF -1.0,SF +1.5,9.91%,44.0,28.42,Under,win,win
2018,8,NO,MIN,30,20,NO -2.5,NO -1.0,MIN +2.5,4.21%,53.5,62.48,Over,loss,loss
2018,8,NYJ,CHI,10,24,CHI -8.5,CHI -7.5,NYJ +8.5,2.13%,42.5,48.82,Over,loss,loss
2018,8,SEA,DET,28,14,DET -3.0,DET -1.5,SEA +3.0,4.03%,47.5,50.28,Over,win,loss
2018,7,DET,MIA,32,21,DET -3.0,DET -1.5,MIA +3.0,3.31%,47.0,51.9,Over,loss,win
2018,7,HOU,JAX,20,7,JAX -4.0,JAX -2.5,HOU +4.0,3.34%,43.0,29.83,Under,win,win
2018,7,LA,SF,39,10,LA -8.0,LA -6.5,SF +8.0,2.88%,52.0,51.06,Under,loss,win
2018,7,MIN,NYJ,37,17,MIN -3.5,MIN -2.5,NYJ +3.5,2.38%,45.0,59.53,Over,loss,win
2018,6,CHI,MIA,28,31,CHI -7.5,CHI -6.0,MIA +7.5,5.36%,40.5,51.9,Over,win,win
2018,6,JAX,DAL,7,40,JAX -3.0,JAX -2.0,DAL +3.0,1.85%,39.5,44.3,Over,win,win
2018,6,LAC,CLE,38,14,-CLE 1.00,LAC -0.5,LAC +1.0,3.60%,47.0,52.0,Over,win,win
2018,6,SF,GB,30,33,GB -9.0,GB -8.0,SF +9.0,1.23%,46.5,54.03,Over,win,win
2018,6,TB,ATL,29,34,ATL -3.0,ATL -4.0,ATL -3.0,0.62%,57.5,52.1,Under,win,loss
2018,5,ARI,SF,28,18,SF -3.0,SF -4.5,SF -3.0,4.31%,40.5,42.67,Over,loss,win
2018,5,GB,DET,23,31,DET -1.0,GB -0.0,GB +1.0,2.27%,50.0,50.14,Over,loss,win
2018,5,LA,SEA,33,31,LA -7.5,LA -6.0,SEA +7.5,5.31%,50.5,56.38,Over,win,win
2018,5,TEN,BUF,12,13,TEN -6.0,TEN -4.5,BUF +6.0,3.67%,38.0,33.86,Under,win,win
2018,4,MIA,NE,7,38,NE -6.5,NE -7.5,NE -6.5,0.36%,50.5,42.67,Under,win,win
2018,4,NYJ,JAX,12,31,JAX -7.5,JAX -6.5,NYJ +7.5,2.12%,40.5,38.81,Under,loss,loss
2018,4,SF,LAC,27,29,LAC -10.0,LAC -7.5,SF +10.0,9.51%,46.0,57.03,Over,win,win
2018,3,BUF,MIN,27,6,MIN -16.5,MIN -15.0,BUF +16.5,2.92%,41.0,35.9,Under,win,win
2018,3,CHI,ARI,16,14,CHI -6.0,CHI -5.0,ARI +6.0,1.07%,39.0,31.33,Under,win,win
2018,3,NO,ATL,43,37,ATL -1.5,ATL -2.5,ATL -1.5,1.47%,54.0,62.02,Over,loss,win
2018,3,NYJ,CLE,17,21,-CLE 3.00,-CLE 1.50,NYJ +3.0,3.07%,41.0,44.66,Over,loss,loss
2018,3,PIT,TB,30,27,TB -1.0,PIT -0.5,PIT +1.0,4.51%,55.0,63.77,Over,win,win
2018,3,TEN,JAX,9,6,JAX -10.0,JAX -8.0,TEN +10.0,7.10%,39.0,32.82,Under,win,win
2018,2,ARI,LA,0,34,LA -13.5,LA -12.5,ARI +13.5,2.32%,43.5,38.48,Under,loss,win
2018,2,BAL,CIN,23,34,CIN -1.0,CIN -0.0,BAL +1.0,0.43%,43.0,63.67,Over,loss,win
2018,2,CAR,ATL,24,31,ATL -5.5,ATL -4.5,CAR +5.5,1.38%,44.0,41.97,Under,loss,loss
2018,2,CLE,NO,18,21,NO -10.0,NO -9.0,CLE 10.00,1.07%,51.0,51.82,Over,win,loss
2018,2,HOU,TEN,17,20,HOU -3.5,HOU -2.5,TEN +3.5,2.29%,41.0,37.04,Under,win,win
2018,2,IND,WAS,21,9,WAS -6.0,WAS -5.0,IND +6.0,1.46%,48.0,35.38,Under,win,win
2018,2,LAC,BUF,31,20,LAC -7.5,LAC -6.5,BUF +7.5,1.66%,41.5,37.25,Under,loss,loss
2018,2,MIN,GB,29,29,MIN -2.0,MIN -0.5,GB +2.0,4.93%,45.0,43.69,Under,win,loss
2018,2,NE,JAX,20,31,NE -2.0,NE -3.0,NE -2.0,2.31%,44.5,50.23,Over,loss,win
2018,2,SEA,CHI,17,24,CHI -5.0,CHI -3.0,SEA +5.0,6.29%,42.5,42.15,Under,loss,win
2018,1,CIN,IND,34,23,CIN -1.0,CIN -0.0,IND +1.0,0.61%,47.5,50.14,Over,loss,win
2018,1,HOU,NE,20,27,NE -6.0,NE -7.0,NE -6.0,1.53%,49.5,41.72,Under,win,win
2018,1,PIT,CLE,21,21,PIT -3.5,PIT -5.0,PIT -3.5,4.29%,41.0,42.67,Over,loss,win
2017,20,MIN,PHI,7,38,MIN -3.0,MIN -1.0,PHI +3.0,5.85%,39.0,35.38,Under,win,loss
2017,19,ATL,PHI,10,15,ATL -2.5,ATL -0.5,PHI +2.5,6.45%,40.0,33.21,Under,win,win
2017,19,JAX,PIT,45,42,PIT -7.0,PIT -6.0,JAX +7.0,2.42%,40.5,58.65,Over,win,win
2017,19,NO,MIN,24,29,MIN -5.5,MIN -4.5,NO +5.5,0.71%,47.0,51.9,Over,win,win
2017,18,ATL,LA,26,13,LA -6.5,LA -5.0,ATL +6.5,4.24%,48.0,38.48,Under,win,win
2017,18,TEN,KC,22,21,KC -8.5,KC -7.5,TEN +8.5,1.27%,44.0,45.13,Over,win,loss
2017,17,BUF,MIA,22,16,BUF -2.5,BUF -0.5,MIA +2.5,6.95%,41.5,35.38,Under,loss,win
2017,17,CAR,ATL,10,22,ATL -5.0,ATL -3.5,CAR +5.0,3.20%,44.5,41.44,Under,loss,win
2017,17,CHI,MIN,10,23,MIN -13.5,MIN -12.0,CHI +13.5,2.81%,38.0,37.45,Under,win,win
2017,17,CIN,BAL,31,27,BAL -8.0,BAL -9.0,BAL -8.0,0.10%,40.0,49.64,Over,loss,win
2017,17,GB,DET,11,35,DET -7.5,DET -6.0,GB +7.5,5.30%,45.0,39.82,Under,loss,loss
2017,17,JAX,TEN,10,15,TEN -2.5,TEN -0.5,JAX +2.5,7.95%,40.0,47.14,Over,loss,loss
2017,17,WAS,NYG,10,18,WAS -5.0,WAS -4.0,NYG +5.0,0.45%,41.0,34.29,Under,win,win
2017,16,BUF,NE,16,37,NE -11.0,NE -12.5,NE -11.0,3.47%,47.5,44.76,Under,win,loss
2017,16,CLE,CHI,3,20,CHI -5.5,CHI -6.5,CHI -5.5,0.82%,37.0,29.44,Under,win,win
2017,16,JAX,SF,33,44,JAX -4.0,JAX -6.0,JAX -4.0,7.90%,43.0,71.3,Over,loss,win
2017,16,MIN,GB,16,0,MIN -8.5,MIN -5.5,GB +8.5,13.20%,41.0,37.0,Under,loss,win
2017,16,PIT,HOU,34,6,PIT -8.0,PIT -6.5,HOU +8.0,2.80%,45.5,39.32,Under,loss,win
2017,16,SEA,DAL,21,12,DAL -4.5,DAL -3.5,SEA +4.5,2.48%,47.0,39.82,Under,win,win
2017,16,TB,CAR,19,22,CAR -10.0,CAR -9.0,TB +10.0,1.10%,46.5,51.82,Over,win,loss
2017,15,ATL,TB,24,21,ATL -7.0,ATL -6.0,TB +7.0,0.10%,49.5,38.79,Under,win,win
2017,15,BAL,CLE,27,10,BAL -6.5,BAL -8.0,BAL -6.5,3.05%,42.0,44.66,Over,win,loss
2017,15,CIN,MIN,7,34,MIN -12.5,MIN -11.0,CIN +12.5,5.19%,42.5,35.38,Under,loss,win
2017,15,HOU,JAX,7,45,JAX -10.5,JAX -9.0,HOU +10.5,5.44%,39.0,48.31,Over,loss,win
2017,15,LA,SEA,42,7,LA -1.0,SEA -0.5,SEA +1.0,3.71%,47.5,51.15,Over,loss,win
2017,15,NYJ,NO,19,31,NO -16.5,NO -15.5,NYJ +16.5,0.81%,47.0,49.2,Over,win,win
2017,15,TEN,SF,23,25,SF -2.5,SF -0.5,TEN +2.5,6.32%,44.5,42.67,Under,win,loss
2017,14,BAL,PIT,38,39,PIT -6.0,PIT -5.0,BAL +6.0,1.57%,43.0,71.4,Over,win,win
2017,14,GB,CLE,27,21,GB -2.5,GB -4.0,GB -2.5,4.39%,38.5,41.97,Over,win,win
2017,14,MIN,CAR,24,31,MIN -2.5,MIN -1.0,CAR +2.5,3.07%,40.5,50.23,Over,win,win
2017,14,NE,MIA,20,27,NE -10.0,NE -11.5,NE -10.0,3.62%,48.0,51.82,Over,loss,loss
2017,14,NO,ATL,17,20,ATL -2.5,ATL -1.5,NO +2.5,0.92%,51.5,42.67,Under,loss,win
2017,14,NYJ,DEN,0,23,NYJ -1.0,DEN -0.5,DEN +1.0,4.16%,40.5,35.14,Under,win,win
2017,14,SEA,JAX,24,30,JAX -3.0,JAX -1.5,SEA +3.0,3.25%,41.0,52.51,Over,loss,win
2017,14,SF,HOU,26,16,HOU -1.0,HOU -4.0,HOU -1.0,14.08%,45.5,35.14,Under,loss,win
2017,14,TEN,ARI,7,12,TEN -2.5,TEN -1.5,ARI +2.5,1.24%,42.0,39.06,Under,win,win
2017,13,DET,BAL,20,44,BAL -2.5,BAL -3.5,BAL -2.5,1.61%,43.0,59.02,Over,win,win
2017,13,HOU,TEN,13,24,TEN -7.0,TEN -4.0,HOU +7.0,13.30%,42.5,42.67,Over,loss,loss
2017,13,KC,NYJ,31,38,KC -3.5,KC -4.5,KC -3.5,2.43%,44.0,43.14,Under,loss,loss
2017,13,LA,ARI,32,16,LA -7.5,LA -6.5,ARI +7.5,1.30%,43.0,43.14,Over,loss,win
2017,13,NE,BUF,23,3,NE -7.5,NE -8.5,NE -7.5,2.32%,48.5,42.7,Under,win,win
2017,13,NYG,LV,17,24,LV -10.0,LV -8.5,NYG +10.0,5.24%,43.0,31.7,Under,win,win
2017,13,PHI,SEA,10,24,PHI -3.5,PHI -2.5,SEA +3.5,1.18%,46.5,50.49,Over,win,loss
2017,13,SF,CHI,15,14,CHI -2.5,CHI -3.5,CHI -2.5,0.65%,42.0,37.2,Under,loss,win
2017,13,TB,GB,20,26,GB -3.0,GB -4.5,GB -3.0,3.35%,45.0,41.97,Under,win,loss
2017,13,WAS,DAL,14,38,WAS -1.5,WAS -0.5,DAL +1.5,1.97%,47.0,41.72,Under,win,loss
2017,12,BUF,KC,16,10,KC -8.5,KC -9.5,KC -8.5,0.72%,47.5,30.48,Under,loss,win
2017,12,CLE,CIN,16,30,CIN -7.5,CIN -8.5,CIN -7.5,0.19%,39.0,41.17,Over,win,win
2017,12,GB,PIT,28,31,PIT -14.0,PIT -11.5,GB +14.0,10.30%,43.0,49.2,Over,win,win
2017,12,HOU,BAL,16,23,BAL -7.5,BAL -6.5,HOU +7.5,2.39%,39.5,42.67,Over,win,loss
2017,12,MIN,DET,30,23,MIN -2.5,MIN -1.5,DET +2.5,0.98%,46.0,60.07,Over,loss,win
2017,12,NO,LA,20,26,LA -2.5,LA -1.5,NO +2.5,0.98%,54.0,52.1,Under,loss,win
2017,12,NYG,WAS,10,20,WAS -7.0,WAS -6.0,NYG +7.0,1.30%,44.0,37.52,Under,loss,win
2017,12,TB,ATL,20,34,ATL -10.5,ATL -9.5,TB +10.5,1.88%,47.0,52.1,Over,loss,win
2017,12,TEN,IND,20,16,TEN -3.0,TEN -2.0,IND +3.0,1.15%,46.5,39.3,Under,loss,win
2017,11,ARI,HOU,21,31,HOU -2.5,HOU -4.0,HOU -2.5,5.32%,38.0,37.45,Under,win,loss
2017,11,ATL,SEA,34,31,SEA -1.0,SEA -2.5,SEA -1.0,3.85%,46.0,51.39,Over,loss,win
2017,11,BAL,GB,23,0,BAL -2.5,GB -0.0,GB +2.5,10.89%,38.5,35.38,Under,loss,win
2017,11,KC,NYG,9,12,KC -10.0,KC -8.5,NYG +10.0,2.96%,44.5,33.21,Under,win,win
2017,11,PHI,DAL,37,9,PHI -6.0,PHI -4.0,DAL +6.0,5.79%,48.0,49.28,Over,loss,loss
2017,10,CIN,TEN,20,24,TEN -4.5,TEN -3.0,CIN +4.5,3.26%,40.5,38.48,Under,win,loss
2017,10,DAL,ATL,7,27,ATL -3.5,ATL -2.0,DAL +3.5,4.21%,49.0,45.23,Under,loss,win
2017,10,GB,CHI,23,16,CHI -4.5,CHI -2.0,GB +4.5,9.72%,37.5,35.38,Under,win,loss
2017,10,HOU,LA,7,33,LA -12.0,LA -8.5,HOU +12.0,14.34%,45.0,56.87,Over,loss,loss
2017,10,NYJ,TB,10,15,TB -1.0,TB -2.5,TB -1.0,3.95%,44.5,33.21,Under,win,win
2017,10,PIT,IND,20,17,PIT -10.5,PIT -9.5,IND +10.5,2.05%,47.0,42.67,Under,win,win
2017,9,ARI,SF,20,10,ARI -2.5,ARI -1.5,SF +2.5,0.94%,39.0,30.29,Under,loss,win
2017,9,ATL,CAR,17,20,ATL -3.0,ATL -1.0,CAR +3.0,6.13%,42.0,34.98,Under,win,win
2017,9,BAL,TEN,20,23,TEN -3.0,TEN -1.5,BAL +3.0,3.88%,41.0,47.05,Over,push,win
2017,9,CIN,JAX,7,23,JAX -6.0,JAX -5.0,CIN +6.0,1.83%,38.0,36.71,Under,loss,win
2017,9,DET,GB,30,17,DET -2.5,GB -1.0,GB +2.5,16.85%,42.5,41.97,Under,loss,loss
2017,9,IND,HOU,20,14,HOU -6.0,HOU -8.0,HOU -6.0,8.24%,45.0,43.23,Under,loss,win
2017,9,KC,DAL,17,28,DAL -2.0,DAL -1.0,KC +2.0,0.23%,53.0,57.14,Over,loss,loss
2017,9,LA,NYG,51,17,LA -5.5,LA -3.5,NYG +5.5,7.41%,42.5,52.25,Over,loss,win
2017,8,IND,CIN,23,24,CIN -11.0,CIN -10.0,IND +11.0,0.14%,44.0,37.46,Under,win,loss
2017,8,MIN,CLE,33,16,MIN -11.0,MIN -9.5,CLE 11.00,2.97%,38.5,40.35,Over,loss,win
2017,7,ATL,NE,7,23,NE -3.0,NE -4.0,NE -3.0,0.22%,56.5,35.38,Under,win,win
2017,7,DAL,SF,40,10,DAL -6.5,DAL -5.5,SF +6.5,0.40%,48.0,50.14,Over,loss,win
2017,7,NO,GB,26,17,NO -3.5,NO -0.5,GB +3.5,12.27%,45.5,50.14,Over,loss,loss
2017,7,NYJ,MIA,28,31,MIA -3.0,MIA -4.0,MIA -3.0,1.57%,40.0,48.6,Over,push,win
2017,6,CLE,HOU,17,33,HOU -7.5,HOU -9.5,HOU -7.5,7.42%,46.0,51.83,Over,win,win
2017,6,DET,NO,38,52,NO -6.0,NO -5.0,DET +6.0,0.08%,50.5,68.83,Over,loss,win
2017,6,IND,TEN,22,36,TEN -7.0,TEN -6.0,IND +7.0,1.39%,46.0,45.59,Under,loss,loss
2017,6,MIA,ATL,20,17,ATL -14.0,ATL -12.0,MIA +14.0,6.85%,46.0,35.14,Under,win,win
2017,6,NE,NYJ,24,17,NE -9.0,NE -10.0,NE -9.0,0.86%,48.5,42.67,Under,loss,win
2017,6,NYG,DEN,23,10,DEN -14.0,DEN -11.5,NYG +14.0,10.89%,37.5,35.14,Under,win,win
2017,6,SF,WAS,24,26,WAS -12.0,WAS -10.0,SF +12.0,8.09%,46.0,45.23,Under,win,loss
2017,6,TB,ARI,33,38,TB -2.5,TB -1.5,ARI +2.5,2.46%,46.5,47.03,Over,win,win
2017,5,ARI,PHI,7,34,PHI -6.0,PHI -5.0,ARI +6.0,0.83%,45.0,42.99,Under,loss,win
2017,5,GB,DAL,35,31,DAL -2.5,DAL -1.5,GB +2.5,1.26%,52.0,65.7,Over,win,win
2017,5,KC,HOU,42,34,KC -2.0,KC -1.0,HOU +2.0,1.73%,45.0,75.6,Over,loss,win
2017,5,NYJ,CLE,17,14,NYJ -1.5,CLE 0.00,CLE 1.50,4.43%,41.5,35.14,Under,loss,win
2017,5,SEA,LA,16,10,LA -2.0,SEA -0.0,SEA +2.0,7.60%,46.5,57.14,Over,win,loss
2017,5,SF,IND,23,26,SF -1.0,IND -0.5,IND +1.0,4.79%,43.5,51.82,Over,win,win
2017,4,CHI,GB,14,35,GB -7.5,GB -9.0,GB -7.5,5.34%,44.0,45.57,Over,win,win
2017,4,IND,SEA,18,46,SEA -12.5,SEA -11.5,IND +12.5,0.31%,41.5,54.1,Over,loss,win
2017,4,PHI,LAC,26,24,LAC -1.5,LAC -0.5,PHI +1.5,1.54%,48.0,42.62,Under,win,loss
2017,4,TEN,HOU,14,57,TEN -2.5,TEN -1.0,HOU +2.5,2.92%,43.0,71.4,Over,win,win
2017,3,CLE,IND,28,31,IND -1.0,IND -3.0,IND -1.0,5.74%,42.0,40.65,Under,win,loss
2017,3,DAL,ARI,28,17,DAL -3.0,DAL -2.0,ARI +3.0,2.05%,46.5,38.87,Under,loss,win
2017,3,HOU,NE,33,36,NE -13.5,NE -12.5,HOU +13.5,2.43%,44.5,53.62,Over,win,win
2017,3,PIT,CHI,17,23,PIT -7.0,PIT -8.0,PIT -7.0,0.93%,43.5,35.38,Under,loss,win
2017,3,SEA,TEN,27,33,TEN -2.0,TEN -0.5,SEA +2.0,3.87%,42.0,48.26,Over,loss,win
2017,2,ARI,IND,16,13,ARI -7.0,ARI -4.5,IND +7.0,9.21%,44.0,42.67,Under,win,win
2017,2,CLE,BAL,10,24,BAL -7.5,BAL -9.0,BAL -7.5,3.47%,39.5,37.91,Under,win,win
2017,2,GB,ATL,23,34,ATL -3.5,ATL -2.5,GB +3.5,2.25%,55.0,49.39,Under,loss,loss
2017,2,MIN,PIT,9,26,PIT -8.5,PIT -7.5,MIN +8.5,1.21%,43.0,48.79,Over,loss,loss
2017,2,NYJ,LV,20,45,LV -14.0,LV -13.0,NYJ +14.0,0.30%,44.0,56.94,Over,loss,win
2017,1,ARI,DET,23,35,ARI -2.5,ARI -1.5,DET +2.5,1.49%,48.5,59.4,Over,win,win
2017,1,NYG,DAL,3,19,DAL -6.0,DAL -5.0,NYG +6.0,0.53%,46.5,28.25,Under,loss,win
2016,20,GB,ATL,21,44,ATL -6.5,ATL -5.5,GB +6.5,1.16%,59.5,71.3,Over,loss,win
2016,20,PIT,NE,17,36,NE -5.5,NE -6.5,NE -5.5,0.46%,49.5,53.22,Over,win,win
2016,19,GB,DAL,34,31,DAL -5.5,DAL -4.5,GB +5.5,1.84%,52.5,65.7,Over,win,win
2016,19,HOU,NE,16,34,NE -16.0,NE -15.0,HOU +16.0,1.95%,44.0,51.93,Over,loss,win
2016,19,SEA,ATL,20,36,ATL -6.5,ATL -5.0,SEA +6.5,5.07%,51.0,57.14,Over,loss,win
2016,17,BAL,CIN,10,27,BAL -2.5,BAL -1.0,CIN +2.5,4.91%,40.5,41.97,Over,win,loss
2016,17,CAR,TB,16,17,TB -3.5,TB -2.5,CAR +3.5,1.29%,44.5,42.67,Under,win,win
2016,17,HOU,TEN,17,24,TEN -3.0,TEN -1.5,HOU +3.0,3.54%,41.5,35.84,Under,loss,win
2016,17,NYG,WAS,19,10,WAS -10.0,WAS -7.0,NYG +10.0,12.46%,47.5,42.67,Under,win,win
2016,16,CIN,HOU,10,12,HOU -3.0,HOU -1.5,CIN +3.0,2.95%,41.5,35.38,Under,win,win
2016,16,IND,LV,25,33,LV -3.5,LV -2.5,IND +3.5,0.65%,52.0,50.98,Under,loss,loss
2016,16,LAC,CLE,17,20,LAC -4.5,LAC -6.0,LAC -4.5,2.86%,45.0,30.48,Under,loss,win
2016,16,WAS,CHI,41,21,WAS -3.0,WAS -2.0,CHI +3.0,0.52%,49.0,53.43,Over,loss,win
2016,15,CAR,WAS,26,15,WAS -7.0,WAS -5.0,CAR +7.0,6.36%,50.5,42.67,Under,win,win
2016,15,CLE,BUF,13,33,BUF -10.5,BUF -11.5,BUF -10.5,1.77%,43.5,37.2,Under,win,loss
2016,15,JAX,HOU,20,21,HOU -3.5,HOU -4.5,HOU -3.5,0.17%,39.5,34.47,Under,loss,loss
2016,15,LA,SEA,3,24,SEA -15.0,SEA -14.0,LA +15.0,1.26%,39.5,29.44,Under,loss,win
2016,15,MIA,NYJ,34,13,MIA -2.5,MIA -1.5,NYJ +2.5,1.07%,40.0,36.73,Under,loss,loss
2016,15,NO,ARI,48,41,ARI -3.0,ARI -4.0,ARI -3.0,0.79%,48.5,64.15,Over,loss,win
2016,15,LV,LAC,19,16,LV -2.5,LV -1.5,LAC +2.5,0.12%,49.5,42.15,Under,loss,win
2016,14,CHI,DET,17,20,DET -7.5,DET -6.5,CHI +7.5,0.28%,42.0,43.25,Over,win,loss
2016,14,CIN,CLE,23,10,CIN -4.0,CIN -6.0,CIN -4.0,8.18%,42.0,33.76,Under,win,win
2016,14,DEN,TEN,10,13,TEN -2.0,DEN -0.5,DEN +2.0,9.04%,44.0,34.45,Under,loss,win
2016,14,NYJ,SF,23,17,SF -3.0,SF -2.0,NYJ +3.0,2.63%,42.5,35.4,Under,win,win
2016,14,WAS,PHI,27,22,WAS -1.5,WAS -0.0,PHI +1.5,2.84%,48.5,41.97,Under,loss,loss
2016,13,CAR,SEA,7,40,SEA -8.5,SEA -7.5,CAR +8.5,1.94%,44.0,42.67,Under,loss,loss
2016,13,DET,NO,28,13,NO -6.5,NO -5.5,DET +6.5,0.02%,53.0,51.06,Under,win,win
2016,13,KC,ATL,29,28,ATL -5.0,ATL -3.5,KC +5.0,3.87%,50.0,51.9,Over,win,win
2016,13,SF,CHI,6,26,SF -0.0,CHI -1.5,CHI +0.0,3.95%,44.0,35.38,Under,win,win
2016,12,ARI,ATL,19,38,ATL -3.5,ATL -2.5,ARI +3.5,1.61%,49.0,57.02,Over,loss,win
2016,12,CAR,LV,32,35,LV -3.5,LV -2.0,CAR +3.5,2.92%,48.5,53.22,Over,win,win
2016,12,CIN,BAL,14,19,BAL -3.5,BAL -2.5,CIN +3.5,1.32%,42.0,35.4,Under,loss,win
2016,12,LA,NO,21,49,NO -7.5,NO -6.0,LA +7.5,5.17%,46.0,49.27,Over,loss,win
2016,12,LAC,HOU,21,13,LAC -2.5,LAC -1.0,HOU +2.5,4.50%,45.5,47.26,Over,loss,loss
2016,12,TEN,CHI,27,21,TEN -6.5,TEN -4.0,CHI +6.5,9.53%,41.5,43.14,Over,win,win
2016,11,HOU,LV,20,27,LV -6.5,LV -5.5,HOU +6.5,2.74%,45.5,50.73,Over,loss,win
2016,10,CHI,TB,10,36,CHI -2.5,CHI -1.5,TB +2.5,0.32%,45.0,43.69,Under,win,loss
2016,10,CLE,BAL,7,28,BAL -7.5,BAL -8.5,BAL -7.5,0.25%,44.0,38.23,Under,win,win
2016,10,DAL,PIT,35,30,PIT -3.0,PIT -2.0,DAL +3.0,0.36%,50.5,52.25,Over,win,win
2016,10,DEN,NO,25,23,NO -3.0,NO -0.5,DEN +3.0,8.75%,50.0,53.22,Over,win,loss
2016,10,HOU,JAX,24,21,JAX -3.0,JAX -1.0,HOU +3.0,6.52%,42.0,35.38,Under,win,loss
2016,10,LA,NYJ,9,6,LA -1.0,NYJ -0.0,NYJ +1.0,2.20%,39.0,31.61,Under,loss,win
2016,10,MIN,WAS,20,26,WAS -2.5,WAS -1.5,MIN +2.5,0.48%,42.0,37.25,Under,loss,loss
2016,10,SEA,NE,31,24,NE -7.5,NE -6.5,SEA +7.5,0.67%,49.5,56.53,Over,win,win
2016,9,DEN,LV,20,30,LV -1.0,DEN -1.0,DEN +1.0,6.68%,44.5,53.15,Over,loss,win
2016,9,NO,SF,41,23,NO -5.0,NO -4.0,SF +5.0,1.74%,53.0,49.91,Under,loss,loss
2016,9,PHI,NYG,23,28,NYG -3.0,NYG -2.0,PHI +3.0,0.57%,42.5,46.1,Over,loss,win
2016,8,ARI,CAR,20,30,CAR -2.5,CAR -1.5,ARI +2.5,1.46%,45.5,48.35,Over,loss,win
2016,8,GB,ATL,32,33,ATL -3.0,ATL -2.0,GB +3.0,1.51%,51.0,53.72,Over,win,win
2016,8,JAX,TEN,22,36,TEN -3.0,TEN -2.0,JAX +3.0,0.31%,43.5,49.37,Over,loss,win
2016,8,KC,IND,30,14,KC -3.0,KC -2.0,IND +3.0,1.83%,50.5,50.23,Under,loss,win
2016,8,NE,BUF,41,25,NE -5.5,NE -4.5,BUF +5.5,2.05%,48.0,66.13,Over,loss,win
2016,8,LV,TB,30,24,TB -1.0,TB -0.0,LV +1.0,0.23%,48.0,50.23,Over,win,win
2016,8,LAC,DEN,19,27,DEN -3.5,DEN -5.0,DEN -3.5,5.12%,43.0,46.1,Over,win,win
2016,8,SEA,NO,20,25,SEA -1.0,SEA -2.5,SEA -1.0,4.22%,50.0,45.13,Under,loss,win
2016,7,BAL,NYJ,16,24,NYJ -2.0,NYJ -1.0,BAL +2.0,1.91%,40.5,37.36,Under,loss,win
2016,7,IND,TEN,34,26,TEN -4.0,TEN -2.0,IND +4.0,6.21%,48.5,51.33,Over,win,win
2016,7,MIN,PHI,10,21,MIN -2.5,MIN -1.5,PHI +2.5,1.73%,39.0,42.67,Over,win,loss
2016,7,NE,PIT,27,16,NE -7.5,NE -5.0,PIT +7.5,10.73%,49.0,50.14,Over,loss,loss
2016,7,NYG,LA,17,10,NYG -3.0,NYG -2.0,LA +3.0,1.39%,44.5,39.3,Under,loss,win
2016,7,WAS,DET,17,20,WAS -1.0,DET -0.0,DET +1.0,1.73%,50.0,45.13,Under,win,win
2016,6,CLE,TEN,26,28,TEN -7.5,TEN -6.5,CLE 7.50,0.44%,45.0,47.03,Over,win,win
2016,6,DEN,LAC,13,21,DEN -3.0,DEN -4.0,DEN -3.0,0.45%,44.0,45.23,Over,loss,loss
2016,5,CIN,DAL,14,28,CIN -2.5,CIN -1.5,DAL +2.5,0.66%,46.0,44.1,Under,win,win
2016,5,PHI,DET,23,24,PHI -3.5,PHI -2.5,DET +3.5,2.64%,46.0,50.14,Over,win,win
2016,5,TB,CAR,17,14,CAR -6.0,CAR -7.0,CAR -6.0,1.15%,46.5,35.9,Under,loss,win
2016,4,BUF,NE,16,0,NE -3.5,NE -6.5,NE -3.5,12.10%,41.0,44.11,Over,loss,loss
2016,4,DEN,TB,27,7,DEN -3.5,DEN -5.0,DEN -3.5,4.19%,43.0,42.67,Under,win,win
2016,4,DET,CHI,14,17,DET -3.0,DET -2.0,CHI +3.0,0.47%,48.0,35.14,Under,win,win
2016,4,IND,JAX,27,30,JAX -1.0,IND -0.0,IND +1.0,2.21%,48.0,44.66,Under,loss,loss
2016,4,LA,ARI,17,13,ARI -10.0,ARI -9.0,LA +10.0,0.07%,43.5,42.67,Under,win,win
2016,4,SEA,NYJ,27,17,SEA -1.0,SEA -2.5,SEA -1.0,3.63%,40.0,42.67,Over,win,win
2016,4,TEN,HOU,20,27,HOU -4.0,HOU -5.0,HOU -4.0,1.86%,40.0,35.4,Under,win,loss
2016,3,BAL,JAX,19,17,BAL -1.0,BAL -2.0,BAL -1.0,1.12%,45.0,37.45,Under,win,win
2016,3,CLE,MIA,24,30,MIA -10.0,MIA -9.0,CLE 10.00,0.15%,42.0,44.93,Over,win,win
2016,3,DEN,CIN,29,17,CIN -3.5,CIN -2.0,DEN +3.5,2.85%,42.0,47.27,Over,win,win
2016,3,DET,GB,27,34,GB -6.0,GB -7.0,GB -6.0,0.80%,47.5,50.23,Over,win,win
2016,3,HOU,NE,0,27,NE -1.0,NE -3.0,NE -1.0,8.38%,38.5,42.67,Over,win,loss
2016,3,LA,TB,37,32,TB -3.5,TB -2.0,LA +3.5,3.23%,40.5,40.08,Under,win,loss
2016,2,BAL,CLE,25,20,BAL -4.0,BAL -5.0,BAL -4.0,0.63%,42.0,34.47,Under,win,loss
2016,2,DAL,WAS,27,23,WAS -3.5,WAS -1.5,DAL +3.5,8.01%,47.0,42.67,Under,win,loss
2016,2,IND,DEN,20,34,DEN -5.0,DEN -6.0,DEN -5.0,0.57%,47.0,57.02,Over,win,win
2016,2,MIA,NE,24,31,NE -5.5,NE -7.0,NE -5.5,3.48%,42.0,41.97,Under,win,loss
2016,2,SF,CAR,27,46,CAR -12.0,CAR -11.0,SF +12.0,2.76%,44.5,54.1,Over,loss,win
2016,1,CAR,DEN,20,21,CAR -3.0,CAR -1.0,DEN +3.0,6.67%,40.5,50.49,Over,win,win
2016,1,CIN,NYJ,23,22,NYJ -1.0,CIN -0.0,CIN +1.0,2.02%,42.0,42.67,Over,win,win
2016,1,CLE,PHI,10,29,PHI -3.5,PHI -5.0,PHI -3.5,3.49%,41.0,37.77,Under,win,win
2016,1,DET,IND,39,35,IND -2.5,IND -3.5,IND -2.5,2.23%,51.5,56.38,Over,loss,win
2016,1,GB,JAX,27,23,GB -3.5,GB -4.5,GB -3.5,0.09%,47.0,48.33,Over,win,win
2016,1,NE,ARI,23,21,ARI -9.0,ARI -5.5,NE +9.0,14.77%,44.5,42.67,Under,win,win
2016,1,PIT,WAS,38,16,PIT -2.5,PIT -3.5,PIT -2.5,0.41%,49.0,48.35,Under,win,loss
2015,19,KC,NE,20,27,NE -6.0,NE -4.5,KC +6.0,4.57%,44.0,43.14,Under,loss,loss
2015,19,PIT,DEN,16,23,DEN -7.0,DEN -5.0,PIT +7.0,8.49%,41.5,42.67,Over,push,loss
2015,19,SEA,CAR,24,31,CAR -2.5,CAR -1.5,SEA +2.5,1.82%,41.5,50.14,Over,loss,win
2015,18,GB,WAS,35,18,WAS -2.0,WAS -0.5,GB +2.0,3.02%,47.0,49.39,Over,win,win
2015,17,NYJ,BUF,17,22,NYJ -2.5,NYJ -1.0,BUF +2.5,4.08%,41.0,39.39,Under,win,win
2015,17,LV,KC,17,23,KC -6.5,KC -7.5,KC -6.5,0.55%,43.5,42.67,Under,loss,win
2015,16,CIN,DEN,17,20,DEN -3.5,DEN -2.5,CIN +3.5,0.39%,39.0,40.41,Over,win,loss
2015,16,CLE,KC,13,17,KC -11.5,KC -12.5,KC -11.5,0.40%,42.5,37.45,Under,loss,win
2015,16,NE,NYJ,20,26,NE -2.5,NE -3.5,NE -2.5,0.01%,45.5,50.23,Over,loss,win
2015,16,NYG,MIN,17,49,MIN -7.0,MIN -5.5,NYG +7.0,4.54%,44.5,66.13,Over,loss,win
2015,16,PIT,BAL,17,20,PIT -11.0,PIT -9.0,BAL +11.0,6.12%,47.5,40.65,Under,win,win
2015,16,LA,SEA,23,17,SEA -11.0,SEA -12.0,SEA -11.0,0.15%,42.0,48.81,Over,loss,loss
2015,15,ATL,JAX,23,17,JAX -2.0,JAX -1.0,ATL +2.0,0.52%,47.5,49.29,Over,win,loss
2015,15,CIN,SF,24,14,CIN -7.0,CIN -8.5,CIN -7.0,3.21%,41.0,42.15,Over,win,loss
2015,15,CLE,SEA,13,30,SEA -14.5,SEA -15.5,SEA -14.5,2.07%,45.0,43.14,Under,win,win
2015,15,DEN,PIT,27,34,PIT -7.5,PIT -5.5,DEN +7.5,7.21%,45.5,53.16,Over,win,win
2015,14,ATL,CAR,0,38,CAR -8.5,CAR -7.5,ATL +8.5,1.18%,45.5,42.67,Under,loss,win
2015,14,DET,LA,14,21,DET -3.0,DET -2.0,LA +3.0,2.34%,41.5,35.38,Under,win,win
2015,14,IND,JAX,16,51,JAX -1.0,IND -1.0,IND +1.0,5.94%,45.5,53.22,Over,loss,win
2015,14,NO,TB,24,17,TB -6.0,TB -5.0,NO +6.0,0.18%,52.0,38.87,Under,win,win
2015,14,NYG,MIA,31,24,NYG -2.5,NYG -1.5,MIA +2.5,0.67%,47.5,43.14,Under,loss,loss
2015,14,LV,DEN,15,12,DEN -6.0,DEN -8.0,DEN -6.0,8.07%,43.0,35.38,Under,loss,win
2015,14,PIT,CIN,33,20,CIN -1.0,CIN -2.5,CIN -1.0,3.26%,49.0,63.67,Over,loss,win
2015,13,ATL,TB,19,23,TB -1.0,ATL -0.0,ATL +1.0,2.03%,46.5,43.14,Under,loss,win
2015,13,BAL,MIA,13,15,MIA -3.5,MIA -2.5,BAL +3.5,0.60%,43.0,34.62,Under,win,win
2015,13,DAL,WAS,19,16,WAS -2.0,WAS -1.0,DAL +2.0,2.50%,43.0,38.23,Under,win,win
2015,13,IND,PIT,10,45,PIT -10.0,PIT -7.5,IND +10.0,9.65%,50.5,56.61,Over,loss,win
2015,13,KC,LV,34,20,KC -3.0,KC -4.0,KC -3.0,0.89%,45.5,51.15,Over,win,win
2015,13,NYJ,NYG,23,20,NYJ -2.0,NYJ -0.5,NYG +2.0,4.26%,45.5,45.13,Under,loss,win
2015,13,PHI,NE,35,28,NE -9.5,NE -10.5,NE -9.5,2.71%,49.5,48.35,Under,loss,loss
2015,12,BAL,CLE,33,27,-CLE 6.00,-CLE 3.00,BAL +6.0,11.88%,41.0,37.25,Under,win,loss
2015,12,CAR,DAL,33,14,CAR -1.0,CAR -2.0,CAR -1.0,2.17%,44.5,50.55,Over,win,win
2015,12,CHI,GB,17,13,GB -7.5,GB -8.5,GB -7.5,0.36%,45.0,39.06,Under,loss,win
2015,12,MIA,NYJ,20,38,NYJ -4.5,NYJ -3.5,MIA +4.5,1.50%,44.0,42.67,Under,loss,loss
2015,12,PHI,DET,14,45,DET -3.0,DET -1.5,PHI +3.0,4.58%,46.5,48.31,Over,loss,win
2015,12,PIT,SEA,30,39,SEA -3.0,SEA -4.0,SEA -3.0,1.25%,46.5,68.73,Over,win,win
2015,12,LAC,JAX,31,25,JAX -5.0,JAX -3.0,LAC +5.0,8.35%,47.0,45.59,Under,win,loss
2015,12,LA,CIN,7,31,CIN -10.5,CIN -9.5,LA +10.5,1.47%,42.0,34.47,Under,loss,win
2015,11,BUF,NE,13,20,NE -7.0,NE -8.5,NE -7.0,4.36%,47.5,45.46,Under,push,win
2015,11,DAL,MIA,24,14,DAL -2.5,DAL -1.5,MIA +2.5,2.48%,45.0,37.45,Under,loss,win
2015,11,DEN,CHI,17,15,DEN -2.5,DEN -4.0,DEN -2.5,3.42%,41.5,42.67,Over,loss,loss
2015,11,NYJ,HOU,17,24,NYJ -4.0,NYJ -1.5,HOU +4.0,9.09%,40.0,39.3,Under,win,loss
2015,11,LV,DET,13,18,LV -2.0,LV -1.0,DET +2.0,2.53%,50.0,38.48,Under,win,win
2015,11,TB,PHI,45,17,PHI -7.0,PHI -8.0,PHI -7.0,0.14%,46.0,49.64,Over,loss,win
2015,11,TEN,JAX,13,19,JAX -3.0,JAX -2.0,TEN +3.0,1.05%,41.5,41.21,Under,loss,win
2015,10,CAR,TEN,27,10,CAR -3.5,CAR -5.0,CAR -3.5,3.00%,42.5,46.1,Over,win,loss
2015,10,CLE,PIT,9,30,PIT -7.0,PIT -8.0,PIT -7.0,0.43%,43.5,39.3,Under,win,win
2015,10,DAL,TB,6,10,DAL -1.0,DAL -2.0,DAL -1.0,2.25%,43.5,31.8,Under,loss,win
2015,10,DET,GB,18,16,GB -10.5,GB -11.5,GB -10.5,1.10%,50.0,35.4,Under,loss,win
2015,10,JAX,BAL,22,20,BAL -4.0,BAL -5.5,BAL -4.0,3.21%,47.0,48.82,Over,loss,loss
2015,10,KC,DEN,29,13,DEN -4.0,DEN -5.0,DEN -4.0,0.97%,42.0,52.01,Over,loss,push
2015,10,MIN,LV,30,14,LV -3.0,LV -2.0,MIN +3.0,2.30%,44.0,50.23,Over,win,push
2015,9,MIA,BUF,17,33,BUF -4.0,BUF -3.0,MIA +4.0,0.54%,44.0,51.9,Over,loss,win
2015,9,WAS,NE,10,27,NE -13.5,NE -14.5,NE -13.5,0.32%,51.5,50.14,Under,win,win
2015,8,GB,DEN,10,29,GB -2.5,GB -1.0,DEN +2.5,4.09%,46.0,42.67,Under,win,win
2015,8,MIN,CHI,23,20,MIN -1.0,MIN -2.0,MIN -1.0,1.07%,43.5,46.1,Over,win,loss
2015,8,TB,ATL,23,20,ATL -8.0,ATL -9.0,ATL -8.0,0.07%,47.5,45.23,Under,loss,win
2015,7,BAL,ARI,18,26,ARI -10.0,ARI -9.0,BAL +10.0,0.16%,49.5,51.06,Over,win,loss
2015,7,BUF,JAX,31,34,BUF -3.5,BUF -4.5,BUF -3.5,0.29%,41.0,51.9,Over,loss,win
2015,7,NYJ,NE,23,30,NE -7.0,NE -8.0,NE -7.0,1.74%,47.0,56.69,Over,push,win
2015,7,LV,LAC,37,29,LAC -3.5,LAC -4.5,LAC -3.5,1.27%,48.0,46.44,Under,loss,loss
2015,7,PHI,CAR,16,27,CAR -3.0,CAR -2.0,PHI +3.0,0.55%,46.0,57.56,Over,loss,loss
2015,7,PIT,KC,13,23,KC -4.0,KC -1.5,PIT +4.0,9.88%,41.5,38.48,Under,loss,win
2015,6,ARI,PIT,13,25,ARI -5.5,ARI -4.0,PIT +5.5,5.30%,45.0,47.14,Over,win,loss
2015,6,CHI,DET,34,37,DET -3.5,DET -4.5,DET -3.5,0.24%,45.0,50.15,Over,loss,win
2015,6,CIN,BUF,34,21,CIN -3.0,CIN -2.0,BUF +3.0,1.55%,42.5,48.35,Over,loss,win
2015,6,DEN,CLE,26,23,DEN -3.5,DEN -4.5,DEN -3.5,2.60%,41.5,49.87,Over,loss,win
2015,6,HOU,JAX,31,20,JAX -2.5,JAX -0.0,HOU +2.5,9.77%,43.5,48.26,Over,win,win
2015,6,MIA,TEN,38,10,TEN -2.5,TEN -1.5,MIA +2.5,1.22%,44.0,41.97,Under,win,loss
2015,6,NE,IND,34,27,NE -8.0,NE -7.0,IND +8.0,2.58%,53.5,59.98,Over,win,win
2015,6,WAS,NYJ,20,34,NYJ -7.5,NYJ -6.5,WAS +7.5,0.21%,39.5,48.35,Over,loss,win
2015,5,ARI,DET,42,17,ARI -4.5,ARI -3.5,DET +4.5,2.11%,46.0,49.58,Over,loss,win
2015,5,BUF,TEN,14,13,TEN -1.0,BUF -0.0,BUF +1.0,1.99%,43.0,40.8,Under,win,win
2015,5,CHI,KC,18,17,KC -10.0,KC -9.0,CHI +10.0,0.49%,44.0,35.4,Under,win,win
2015,5,DEN,LV,16,10,DEN -5.0,DEN -6.5,DEN -5.0,3.66%,44.5,40.42,Under,win,win
2015,5,IND,HOU,27,20,HOU -4.5,HOU -3.0,IND +4.5,3.02%,40.5,46.54,Over,win,win
2015,5,NE,DAL,30,6,NE -8.0,NE -7.0,DAL +8.0,2.17%,51.0,49.0,Under,loss,win
2015,5,NO,PHI,17,39,PHI -6.5,PHI -5.5,NO +6.5,0.73%,49.5,51.9,Over,loss,win
2015,5,PIT,LAC,24,20,LAC -4.0,LAC -2.0,PIT +4.0,6.09%,45.5,39.43,Under,win,win
2015,5,SEA,CIN,24,27,CIN -3.0,CIN -1.5,SEA +3.0,4.41%,44.5,52.1,Over,push,win
2015,4,BAL,PIT,23,20,BAL -3.0,BAL -0.5,PIT +3.0,10.29%,44.0,50.14,Over,push,loss
2015,4,CAR,TB,37,23,CAR -3.0,CAR -4.0,CAR -3.0,0.69%,40.0,46.43,Over,win,win
2015,4,DAL,NO,20,26,NO -3.0,NO -2.0,DAL +3.0,0.19%,48.0,45.13,Under,loss,win
2015,4,JAX,IND,13,16,IND -4.0,IND -6.0,IND -4.0,7.60%,43.0,38.48,Under,loss,win
2015,4,MIN,DEN,20,23,DEN -7.0,DEN -8.0,DEN -7.0,0.56%,43.5,55.5,Over,loss,loss
2015,4,NYJ,MIA,27,14,NYJ -2.5,NYJ -1.5,MIA +2.5,2.68%,42.0,39.82,Under,loss,win
2015,4,LV,CHI,20,22,LV -3.0,LV -1.5,CHI +3.0,3.59%,44.5,42.67,Under,win,win
2015,3,KC,GB,28,38,GB -4.5,GB -5.5,GB -4.5,2.76%,47.0,57.14,Over,win,win
2015,3,PHI,NYJ,24,17,NYJ -3.0,NYJ -2.0,PHI +3.0,2.58%,47.0,43.69,Under,win,win
2015,3,WAS,NYG,21,32,NYG -3.0,NYG -4.0,NYG -3.0,0.09%,45.0,43.69,Under,win,loss
2015,2,DAL,PHI,20,10,PHI -7.0,PHI -5.0,DAL +7.0,7.31%,53.0,45.13,Under,win,win
2015,2,DEN,KC,31,24,KC -3.0,KC -1.0,DEN +3.0,8.18%,42.0,45.59,Over,win,win
2015,2,NE,BUF,40,32,BUF -2.0,BUF -0.0,NE +2.0,6.42%,45.0,61.83,Over,win,win
2015,2,SF,PIT,18,43,PIT -6.0,PIT -4.5,SF +6.0,3.46%,46.0,48.73,Over,loss,win
2015,1,CAR,JAX,20,9,CAR -3.0,CAR -4.0,CAR -3.0,2.31%,41.0,35.38,Under,win,win
2015,1,KC,HOU,27,20,KC -1.0,KC -0.0,HOU +1.0,0.65%,41.0,42.67,Over,loss,win
2015,1,MIN,SF,3,20,MIN -2.5,MIN -1.0,SF +2.5,3.48%,42.5,42.67,Over,win,loss
2015,1,PHI,ATL,24,26,PHI -3.5,PHI -2.5,ATL +3.5,2.50%,55.0,45.13,Under,win,win
2014,19,IND,DEN,24,13,DEN -9.5,DEN -8.5,IND +9.5,2.19%,53.5,54.84,Over,win,loss
2014,17,DAL,WAS,44,17,DAL -6.0,DAL -7.0,DAL -6.0,1.68%,47.5,56.86,Over,win,win
2014,17,IND,TEN,27,10,IND -7.5,IND -8.5,IND -7.5,0.47%,46.5,29.83,Under,win,win
2014,17,NO,TB,23,20,NO -6.0,NO -5.0,TB +6.0,1.05%,47.0,39.06,Under,win,win
2014,17,NYJ,MIA,37,24,MIA -7.0,MIA -8.0,MIA -7.0,1.24%,41.0,49.75,Over,loss,win
2014,16,ATL,NO,30,14,NO -6.0,NO -5.0,ATL +6.0,1.83%,56.0,46.1,Under,win,win
2014,16,BAL,HOU,13,25,BAL -6.0,BAL -4.0,HOU +6.0,6.08%,42.0,42.15,Over,win,loss
2014,16,GB,TB,20,3,GB -11.5,GB -10.5,TB +11.5,0.44%,48.5,38.48,Under,loss,win
2014,16,IND,DAL,7,42,DAL -3.5,DAL -2.0,IND +3.5,5.09%,53.0,51.94,Under,loss,win
2014,16,NE,NYJ,17,16,NE -10.0,NE -11.5,NE -10.0,4.77%,47.0,44.66,Under,loss,win
2014,16,SEA,ARI,35,6,SEA -9.5,SEA -7.5,ARI +9.5,6.93%,36.5,34.0,Under,loss,loss
2014,16,TEN,JAX,13,21,JAX -4.0,JAX -3.0,TEN +4.0,1.38%,39.0,29.83,Under,loss,win
2014,15,NO,CHI,31,15,NO -3.0,NO -2.0,CHI +3.0,0.30%,53.5,45.13,Under,loss,win
2014,15,NYJ,TEN,16,11,NYJ -3.5,NYJ -2.0,TEN +3.5,4.34%,42.0,32.84,Under,loss,win
2014,15,PIT,ATL,27,20,PIT -3.0,PIT -2.0,ATL +3.0,1.59%,55.0,63.77,Over,loss,loss
2014,15,TB,CAR,17,19,CAR -3.5,CAR -4.5,CAR -3.5,1.12%,41.0,39.82,Under,loss,win
2014,14,ATL,GB,37,43,GB -13.5,GB -12.5,ATL +13.5,0.55%,54.5,62.04,Over,win,win
2014,14,KC,ARI,14,17,KC -2.5,KC -1.0,ARI +2.5,2.77%,41.5,33.26,Under,win,win
2014,14,NE,LAC,23,14,NE -4.0,NE -5.0,NE -4.0,0.19%,53.0,51.82,Under,win,win
2014,14,NYJ,MIN,24,30,MIN -4.5,MIN -6.0,MIN -4.5,3.56%,40.5,39.32,Under,win,loss
2014,13,ARI,ATL,18,29,ARI -1.5,ARI -0.5,ATL +1.5,0.20%,45.5,38.48,Under,win,loss
2014,13,CIN,TB,14,13,CIN -6.0,CIN -5.0,TB +6.0,0.12%,43.5,40.65,Under,win,win
2014,13,CLE,BUF,10,26,BUF -3.0,BUF -4.0,BUF -3.0,0.20%,42.0,35.38,Under,win,win
2014,13,DEN,KC,29,16,KC -1.0,DEN -0.0,DEN +1.0,1.67%,49.0,43.69,Under,win,win
2014,13,MIA,NYJ,16,13,MIA -6.5,MIA -7.5,MIA -6.5,1.34%,41.5,35.14,Under,loss,win
2014,13,WAS,IND,27,49,IND -7.5,IND -8.5,IND -7.5,0.53%,48.5,50.15,Over,win,win
2014,12,DAL,NYG,31,28,DAL -4.0,DAL -3.0,NYG +4.0,0.47%,48.5,43.14,Under,win,loss
2014,12,NYJ,BUF,3,38,BUF -2.5,BUF -3.5,BUF -2.5,0.65%,42.0,31.89,Under,win,win
2014,11,ATL,CAR,19,17,ATL -2.5,ATL -1.5,CAR +2.5,0.01%,46.5,39.82,Under,win,win
2014,11,DET,ARI,6,14,DET -1.0,ARI -0.5,ARI +1.0,4.72%,41.5,42.15,Over,win,loss
2014,11,HOU,CLE,23,7,-CLE 4.50,-CLE 3.50,HOU +4.5,1.34%,42.0,42.15,Over,win,loss
2014,11,NE,IND,42,20,IND -3.0,IND -1.5,NE +3.0,3.01%,58.0,75.6,Over,win,win
2014,10,KC,BUF,17,13,BUF -2.0,BUF -0.5,KC +2.0,4.10%,42.0,47.14,Over,win,loss
2014,10,PIT,NYJ,13,20,PIT -4.5,PIT -5.5,PIT -4.5,1.49%,47.0,47.05,Over,loss,loss
2014,9,ARI,DAL,28,17,DAL -1.5,DAL -2.5,DAL -1.5,2.24%,45.0,48.6,Over,loss,push
2014,9,BAL,PIT,23,43,PIT -2.5,PIT -1.5,BAL +2.5,2.62%,47.5,68.73,Over,loss,win
2014,9,IND,NYG,40,24,IND -3.0,IND -2.0,NYG +3.0,0.88%,51.0,53.56,Over,loss,win
2014,9,NO,CAR,28,10,NO -3.0,NO -2.0,CAR +3.0,1.28%,48.5,41.97,Under,loss,win
2014,9,LV,SEA,24,30,SEA -13.5,SEA -14.5,SEA -13.5,1.57%,43.5,40.9,Under,loss,loss
2014,9,LAC,MIA,0,37,MIA -3.0,MIA -1.5,LAC +3.0,4.38%,45.5,42.67,Under,loss,win
2014,9,LA,SF,13,10,SF -10.5,SF -9.5,LA +10.5,1.49%,44.0,38.49,Under,win,win
2014,9,WAS,MIN,26,29,WAS -1.0,WAS -0.0,MIN +1.0,0.46%,43.5,42.67,Under,win,loss
2014,8,HOU,TEN,30,16,HOU -3.5,HOU -2.5,TEN +3.5,1.34%,43.0,43.25,Over,loss,win
2014,8,LA,KC,7,34,KC -7.5,KC -6.0,LA +7.5,3.53%,44.5,42.67,Under,loss,win
2014,7,CLE,JAX,6,24,-CLE 4.00,-CLE 5.00,-CLE 4.00,0.84%,44.5,35.38,Under,loss,win
2014,7,MIN,BUF,16,17,BUF -7.0,BUF -6.0,MIN +7.0,0.23%,43.5,33.21,Under,win,win
2014,7,NO,DET,23,24,DET -1.5,DET -2.5,DET -1.5,0.31%,45.5,44.11,Under,loss,loss
2014,7,NYJ,NE,25,27,NE -9.5,NE -10.5,NE -9.5,1.47%,44.5,48.35,Over,loss,win
2014,7,TEN,WAS,17,19,WAS -6.0,WAS -5.0,TEN +6.0,1.51%,46.0,38.48,Under,win,win
2014,6,JAX,TEN,14,16,TEN -4.0,TEN -5.0,TEN -4.0,1.85%,42.5,33.24,Under,loss,win
2014,6,NE,BUF,37,22,BUF -1.0,NE -1.0,NE +1.0,5.71%,44.0,49.28,Over,win,win
2014,6,PIT,CLE,10,31,-CLE 2.50,-CLE 1.00,PIT +2.5,3.54%,46.5,38.87,Under,loss,win
2014,6,LAC,LV,31,28,LAC -7.0,LAC -8.0,LAC -7.0,1.29%,43.5,51.67,Over,loss,win
2014,5,ARI,DEN,20,41,DEN -8.0,DEN -9.0,DEN -8.0,0.70%,47.0,51.15,Over,win,win
2014,5,BUF,DET,17,14,DET -4.5,DET -5.5,DET -4.5,0.19%,43.0,34.47,Under,loss,win
2014,5,CIN,NE,17,43,CIN -2.5,CIN -1.0,NE +2.5,4.17%,46.0,50.14,Over,win,win
2014,5,PIT,JAX,17,9,PIT -6.0,PIT -7.0,PIT -6.0,2.30%,47.0,39.3,Under,win,win
2014,4,ATL,MIN,28,41,ATL -5.5,ATL -4.5,MIN +5.5,0.91%,48.0,51.9,Over,win,win
2014,4,DET,NYJ,24,17,NYJ -2.0,NYJ -1.0,DET +2.0,2.38%,43.5,35.38,Under,win,win
2014,4,GB,CHI,38,17,GB -2.0,GB -0.5,CHI +2.0,2.88%,51.0,51.15,Over,loss,win
2014,4,NE,KC,14,41,NE -3.0,NE -4.0,NE -3.0,0.56%,45.0,51.43,Over,loss,win
2014,4,NO,DAL,17,38,NO -3.0,NO -2.0,DAL +3.0,1.59%,53.5,54.12,Over,win,win
2014,3,CHI,NYJ,27,19,NYJ -1.5,NYJ -0.0,CHI +1.5,2.95%,44.5,45.13,Over,win,win
2014,3,DEN,SEA,20,26,SEA -4.0,SEA -3.0,DEN +4.0,0.46%,48.0,51.26,Over,loss,loss
2014,3,IND,JAX,44,17,IND -6.0,IND -7.5,IND -6.0,4.26%,45.5,53.1,Over,win,win
2014,3,KC,MIA,34,15,MIA -6.0,MIA -5.0,KC +6.0,2.16%,43.0,42.67,Under,win,loss
2014,3,LAC,BUF,22,10,BUF -2.5,BUF -1.5,LAC +2.5,0.96%,45.5,41.97,Under,win,win
2014,3,TEN,CIN,7,33,CIN -6.5,CIN -7.5,CIN -6.5,0.43%,44.5,38.87,Under,win,win
2014,2,ARI,NYG,25,14,NYG -1.0,NYG -2.0,NYG -1.0,0.33%,41.5,39.71,Under,loss,win
2014,2,DAL,TEN,26,10,TEN -3.0,TEN -2.0,DAL +3.0,0.61%,49.5,39.3,Under,win,win
2014,2,NYJ,GB,24,31,GB -7.0,GB -8.0,GB -7.0,0.20%,46.5,43.14,Under,push,loss
2014,2,LA,TB,19,17,TB -4.0,TB -2.5,LA +4.0,3.98%,37.5,29.55,Under,win,win
2014,1,CAR,TB,20,14,TB -5.5,TB -3.0,CAR +5.5,9.74%,38.5,37.46,Under,win,win
2014,1,MIN,LA,34,6,LA -3.0,LA -4.5,LA -3.0,4.99%,43.5,39.06,Under,loss,win
2014,1,NO,ATL,34,37,NO -3.0,NO -2.0,ATL +3.0,1.59%,51.0,53.93,Over,win,win
2014,1,NYG,DET,14,35,DET -6.5,DET -5.5,NYG +6.5,2.30%,45.0,42.67,Under,loss,loss
2014,1,LAC,ARI,17,18,ARI -3.0,ARI -2.0,LAC +3.0,0.89%,45.5,35.9,Under,win,win